pipeline_id,pipeline_key,run_date,final_score,confidence_level,timing_zone,pattern,bilateral_gap_minutes,bilateral_gap_trend,bilateral_gap_p95,upstream_gap_minutes,upstream_gap_trend,upstream_gap_p95,downstream_gap_minutes,downstream_gap_trend,downstream_gap_p95,temporal_variance_cv,drift_rate_per_day,score_range,gap_drift_per_day,mean_score_historical,min_score_historical,changepoint_detected,changepoint_date,variant_explainer,days_of_history,sequence_fitness,timing_score,completeness_score,variance_cv,alert_owner,run_timestamp
trade_positions_sftp,FRC-3aaa93b8,20260519,1.0,HIGH,GREEN,STABLE,23.9,stable,23.9,23.9,stable,23.9,,,,0.0389,-0.000564,0.1558,0.2519,0.9978,0.8692,False,,Sequence fitness 1.00 is healthy — no variant analysis needed.,31.0,1.0,1.0,1.0,0.0389,pipeline-owner,2026-06-20T13:48:27.939495
trade_positions_sftp,FRC-3aaa93b8,20260520,1.025,HIGH,GREEN,STABLE,26.9,stable,26.9,26.9,stable,26.9,,,,0.0389,-0.000564,0.1558,0.2519,0.9978,0.8692,False,,Sequence fitness 1.00 is healthy — no variant analysis needed.,31.0,1.0,1.05,1.0,0.0389,pipeline-owner,2026-06-20T13:48:28.569408
trade_positions_sftp,FRC-3aaa93b8,20260521,1.0,HIGH,GREEN,STABLE,23.9,stable,23.9,23.9,stable,23.9,,,,0.0389,-0.000564,0.1558,0.2519,0.9978,0.8692,False,,Sequence fitness 1.00 is healthy — no variant analysis needed.,31.0,1.0,1.0,1.0,0.0389,pipeline-owner,2026-06-20T13:48:29.231316
trade_positions_sftp,FRC-3aaa93b8,20260522,0.8692,HIGH,RED,STABLE,23.2,stable,23.2,23.2,stable,23.2,,,,0.0389,-0.000564,0.1558,0.2519,0.9978,0.8692,False,,Sequence fitness 1.00 is healthy — no variant analysis needed.,31.0,1.0,0.7383,1.0,0.0389,pipeline-owner,2026-06-20T13:48:29.864834
trade_positions_sftp,FRC-3aaa93b8,20260523,1.0,HIGH,GREEN,STABLE,28.6,stable,28.6,28.6,stable,28.6,,,,0.0389,-0.000564,0.1558,0.2519,0.9978,0.8692,False,,Sequence fitness 1.00 is healthy — no variant analysis needed.,31.0,1.0,1.0,1.0,0.0389,pipeline-owner,2026-06-20T13:48:30.482349
trade_positions_sftp,FRC-3aaa93b8,20260524,1.025,HIGH,GREEN,STABLE,25.8,stable,25.8,25.8,stable,25.8,,,,0.0389,-0.000564,0.1558,0.2519,0.9978,0.8692,False,,Sequence fitness 1.00 is healthy — no variant analysis needed.,31.0,1.0,1.05,1.0,0.0389,pipeline-owner,2026-06-20T13:48:31.118619
trade_positions_sftp,FRC-3aaa93b8,20260525,1.025,HIGH,GREEN,STABLE,28.6,stable,28.6,28.6,stable,28.6,,,,0.0389,-0.000564,0.1558,0.2519,0.9978,0.8692,False,,Sequence fitness 1.00 is healthy — no variant analysis needed.,31.0,1.0,1.05,1.0,0.0389,pipeline-owner,2026-06-20T13:48:31.792388
trade_positions_sftp,FRC-3aaa93b8,20260526,1.0,HIGH,GREEN,STABLE,23.3,stable,23.3,23.3,stable,23.3,,,,0.0389,-0.000564,0.1558,0.2519,0.9978,0.8692,False,,Sequence fitness 1.00 is healthy — no variant analysis needed.,31.0,1.0,1.0,1.0,0.0389,pipeline-owner,2026-06-20T13:48:32.512133
trade_positions_sftp,FRC-3aaa93b8,20260527,1.0,HIGH,GREEN,STABLE,23.2,stable,23.2,23.2,stable,23.2,,,,0.0389,-0.000564,0.1558,0.2519,0.9978,0.8692,False,,Sequence fitness 1.00 is healthy — no variant analysis needed.,31.0,1.0,1.0,1.0,0.0389,pipeline-owner,2026-06-20T13:48:33.134153
trade_positions_sftp,FRC-3aaa93b8,20260528,1.025,HIGH,GREEN,STABLE,28.7,stable,28.7,28.7,stable,28.7,,,,0.0389,-0.000564,0.1558,0.2519,0.9978,0.8692,False,,Sequence fitness 1.00 is healthy — no variant analysis needed.,31.0,1.0,1.05,1.0,0.0389,pipeline-owner,2026-06-20T13:48:33.808053
trade_positions_sftp,FRC-3aaa93b8,20260529,1.025,HIGH,GREEN,STABLE,24.4,stable,24.4,24.4,stable,24.4,,,,0.0389,-0.000564,0.1558,0.2519,0.9978,0.8692,False,,Sequence fitness 1.00 is healthy — no variant analysis needed.,31.0,1.0,1.05,1.0,0.0389,pipeline-owner,2026-06-20T13:48:34.437181
trade_positions_sftp,FRC-3aaa93b8,20260530,1.025,HIGH,GREEN,STABLE,25.7,stable,25.7,25.7,stable,25.7,,,,0.0389,-0.000564,0.1558,0.2519,0.9978,0.8692,False,,Sequence fitness 1.00 is healthy — no variant analysis needed.,31.0,1.0,1.05,1.0,0.0389,pipeline-owner,2026-06-20T13:48:35.059503
trade_positions_sftp,FRC-3aaa93b8,20260531,1.025,HIGH,GREEN,STABLE,26.9,stable,26.9,26.9,stable,26.9,,,,0.0389,-0.000564,0.1558,0.2519,0.9978,0.8692,False,,Sequence fitness 1.00 is healthy — no variant analysis needed.,31.0,1.0,1.05,1.0,0.0389,pipeline-owner,2026-06-20T13:48:35.658247
trade_positions_sftp,FRC-3aaa93b8,20260601,1.0,HIGH,GREEN,STABLE,25.7,stable,25.7,25.7,stable,25.7,,,,0.0389,-0.000564,0.1558,0.2519,0.9978,0.8692,False,,Sequence fitness 1.00 is healthy — no variant analysis needed.,31.0,1.0,1.0,1.0,0.0389,pipeline-owner,2026-06-20T13:48:36.293280
trade_positions_sftp,FRC-3aaa93b8,20260602,1.025,HIGH,GREEN,STABLE,28.7,stable,28.7,28.7,stable,28.7,,,,0.0389,-0.000564,0.1558,0.2519,0.9978,0.8692,False,,Sequence fitness 1.00 is healthy — no variant analysis needed.,31.0,1.0,1.05,1.0,0.0389,pipeline-owner,2026-06-20T13:48:36.924518
trade_positions_sftp,FRC-3aaa93b8,20260603,1.025,HIGH,GREEN,STABLE,29.8,stable,29.8,29.8,stable,29.8,,,,0.0389,-0.000564,0.1558,0.2519,0.9978,0.8692,False,,Sequence fitness 1.00 is healthy — no variant analysis needed.,31.0,1.0,1.05,1.0,0.0389,pipeline-owner,2026-06-20T13:48:37.529655
trade_positions_sftp,FRC-3aaa93b8,20260604,1.025,HIGH,GREEN,STABLE,32.2,stable,32.2,32.2,stable,32.2,,,,0.0389,-0.000564,0.1558,0.2519,0.9978,0.8692,False,,Sequence fitness 1.00 is healthy — no variant analysis needed.,31.0,1.0,1.05,1.0,0.0389,pipeline-owner,2026-06-20T13:48:38.134829
trade_positions_sftp,FRC-3aaa93b8,20260605,0.9819,HIGH,AMBER,STABLE,27.9,stable,27.9,27.9,stable,27.9,,,,0.0389,-0.000564,0.1558,0.2519,0.9978,0.8692,False,,Sequence fitness 1.00 is healthy — no variant analysis needed.,31.0,1.0,0.9638,1.0,0.0389,pipeline-owner,2026-06-20T13:48:38.783492
trade_positions_sftp,FRC-3aaa93b8,20260606,0.901,HIGH,AMBER,STABLE,26.8,stable,26.8,26.8,stable,26.8,,,,0.0389,-0.000564,0.1558,0.2519,0.9978,0.8692,False,,Sequence fitness 1.00 is healthy — no variant analysis needed.,31.0,1.0,0.802,1.0,0.0389,pipeline-owner,2026-06-20T13:48:39.379365
trade_positions_sftp,FRC-3aaa93b8,20260607,1.025,HIGH,GREEN,STABLE,29.7,stable,29.7,29.7,stable,29.7,,,,0.0389,-0.000564,0.1558,0.2519,0.9978,0.8692,False,,Sequence fitness 1.00 is healthy — no variant analysis needed.,31.0,1.0,1.05,1.0,0.0389,pipeline-owner,2026-06-20T13:48:40.003856
trade_positions_sftp,FRC-3aaa93b8,20260608,1.0,HIGH,GREEN,STABLE,24.2,stable,24.2,24.2,stable,24.2,,,,0.0389,-0.000564,0.1558,0.2519,0.9978,0.8692,False,,Sequence fitness 1.00 is healthy — no variant analysis needed.,31.0,1.0,1.0,1.0,0.0389,pipeline-owner,2026-06-20T13:48:40.593625
trade_positions_sftp,FRC-3aaa93b8,20260609,1.0,HIGH,GREEN,STABLE,29.0,stable,29.0,29.0,stable,29.0,,,,0.0389,-0.000564,0.1558,0.2519,0.9978,0.8692,False,,Sequence fitness 1.00 is healthy — no variant analysis needed.,31.0,1.0,1.0,1.0,0.0389,pipeline-owner,2026-06-20T13:48:41.182651
trade_positions_sftp,FRC-3aaa93b8,20260610,1.0,HIGH,GREEN,STABLE,29.1,stable,29.1,29.1,stable,29.1,,,,0.0389,-0.000564,0.1558,0.2519,0.9978,0.8692,False,,Sequence fitness 1.00 is healthy — no variant analysis needed.,31.0,1.0,1.0,1.0,0.0389,pipeline-owner,2026-06-20T13:48:41.777650
trade_positions_sftp,FRC-3aaa93b8,20260611,0.9687,HIGH,AMBER,STABLE,27.9,stable,27.9,27.9,stable,27.9,,,,0.0389,-0.000564,0.1558,0.2519,0.9978,0.8692,False,,Sequence fitness 1.00 is healthy — no variant analysis needed.,31.0,1.0,0.9374,1.0,0.0389,pipeline-owner,2026-06-20T13:48:42.366174
trade_positions_sftp,FRC-3aaa93b8,20260612,1.025,HIGH,GREEN,STABLE,29.6,stable,29.6,29.6,stable,29.6,,,,0.0389,-0.000564,0.1558,0.2519,0.9978,0.8692,False,,Sequence fitness 1.00 is healthy — no variant analysis needed.,31.0,1.0,1.05,1.0,0.0389,pipeline-owner,2026-06-20T13:48:42.962407
trade_positions_sftp,FRC-3aaa93b8,20260613,1.0,HIGH,GREEN,STABLE,28.9,stable,28.9,28.9,stable,28.9,,,,0.0389,-0.000564,0.1558,0.2519,0.9978,0.8692,False,,Sequence fitness 1.00 is healthy — no variant analysis needed.,31.0,1.0,1.0,1.0,0.0389,pipeline-owner,2026-06-20T13:48:43.556265
trade_positions_sftp,FRC-3aaa93b8,20260614,1.025,HIGH,GREEN,STABLE,34.4,stable,34.4,34.4,stable,34.4,,,,0.0389,-0.000564,0.1558,0.2519,0.9978,0.8692,False,,Sequence fitness 1.00 is healthy — no variant analysis needed.,31.0,1.0,1.05,1.0,0.0389,pipeline-owner,2026-06-20T13:48:44.148273
trade_positions_sftp,FRC-3aaa93b8,20260615,1.0,HIGH,GREEN,STABLE,29.9,stable,29.9,29.9,stable,29.9,,,,0.0389,-0.000564,0.1558,0.2519,0.9978,0.8692,False,,Sequence fitness 1.00 is healthy — no variant analysis needed.,31.0,1.0,1.0,1.0,0.0389,pipeline-owner,2026-06-20T13:48:44.743792
trade_positions_sftp,FRC-3aaa93b8,20260616,1.025,HIGH,GREEN,STABLE,31.5,stable,31.5,31.5,stable,31.5,,,,0.0389,-0.000564,0.1558,0.2519,0.9978,0.8692,False,,Sequence fitness 1.00 is healthy — no variant analysis needed.,31.0,1.0,1.05,1.0,0.0389,pipeline-owner,2026-06-20T13:48:45.335328
trade_positions_sftp,FRC-3aaa93b8,20260617,0.9298,HIGH,AMBER,STABLE,33.6,stable,33.6,33.6,stable,33.6,,,,0.0389,-0.000564,0.1558,0.2519,0.9978,0.8692,False,,Sequence fitness 1.00 is healthy — no variant analysis needed.,31.0,1.0,0.8596,1.0,0.0389,pipeline-owner,2026-06-20T13:48:45.964318
trade_positions_sftp,FRC-3aaa93b8,20260618,0.9298,HIGH,AMBER,STABLE,33.6,stable,33.6,33.6,stable,33.6,,,,0.0389,-0.000564,0.1558,0.2519,0.9978,0.8692,False,,Sequence fitness 1.00 is healthy — no variant analysis needed.,31.0,1.0,0.8596,1.0,0.0389,pipeline-owner,2026-06-20T13:48:46.487134
collateral_valuation,FRC-0cb5fb6e,20260519,1.025,HIGH,GREEN,STABLE,15.2,stable,15.2,15.2,stable,15.2,,,,0.0312,-0.001986,0.1594,0.2649,1.0048,0.8656,False,,Sequence fitness 1.00 is healthy — no variant analysis needed.,30.0,1.0,1.05,1.0,0.0312,pipeline-owner,2026-06-20T13:48:27.251973
customer_risk_features,FRC-4aa3678b,20260519,1.0,HIGH,GREEN,INTERMITTENT,2.6,stable,2.6,2.6,stable,2.6,,,,0.3009,-0.000201,0.6,-0.0207,0.8362,0.425,False,,Sequence fitness 1.00 is healthy — no variant analysis needed.,30.0,1.0,1.0,1.0,0.3009,platform-infrastructure,2026-06-20T13:48:27.275543
dbt_model_runner,FRC-ed2958aa,20260519,1.025,HIGH,GREEN,DRIFTING,12.4,stable,12.4,12.4,stable,12.4,,,,0.0435,-0.003548,0.1536,0.2755,0.9951,0.8714,False,,Sequence fitness 1.00 is healthy — no variant analysis needed.,30.0,1.0,1.05,1.0,0.0435,pipeline-owner,2026-06-20T13:48:27.298161
delta_vacuum_runner,FRC-e23ba970,20260519,1.025,HIGH,GREEN,INTERMITTENT,1.6,stable,1.6,1.6,stable,1.6,,,,0.2142,-0.000878,0.6,0.0223,0.9254,0.425,False,,Sequence fitness 1.00 is healthy — no variant analysis needed.,30.0,1.0,1.05,1.0,0.2143,platform-infrastructure,2026-06-20T13:48:27.320834
etl_daily_transform,FRC-4052a9d3,20260519,1.0,HIGH,GREEN,STABLE,5.8,stable,5.8,5.8,stable,5.8,,,,0.0193,0.000104,0.1044,0.0028,1.0047,0.9206,False,,Sequence fitness 1.00 is healthy — no variant analysis needed.,30.0,1.0,1.0,1.0,0.0193,pipeline-owner,2026-06-20T13:48:27.351318
feature_store_refresh,FRC-034a3f56,20260519,1.0,HIGH,GREEN,INTERMITTENT,1.4,stable,1.4,1.4,stable,1.4,,,,0.3027,-0.002024,0.6,-0.0244,0.8474,0.425,False,,Sequence fitness 1.00 is healthy — no variant analysis needed.,30.0,1.0,1.0,1.0,0.3027,platform-infrastructure,2026-06-20T13:48:27.373794
feature_validation_job,FRC-c1f86d79,20260519,1.025,HIGH,GREEN,STABLE,4.3,stable,4.3,4.3,stable,4.3,,,,0.0346,-6e-05,0.1522,-0.0055,1.0047,0.8728,False,,Sequence fitness 1.00 is healthy — no variant analysis needed.,30.0,1.0,1.05,1.0,0.0346,pipeline-owner,2026-06-20T13:48:27.401425
fx_rate_ingestion,FRC-a24407bf,20260519,1.0,HIGH,GREEN,STABLE,5.4,stable,5.4,5.4,stable,5.4,,,,0.0316,-0.001066,0.1621,-0.0078,1.0021,0.8629,False,,Sequence fitness 1.00 is healthy — no variant analysis needed.,30.0,1.0,1.0,1.0,0.0316,pipeline-owner,2026-06-20T13:48:27.425138
grid_corehours_calc,FRC-0f6b3c37,20260519,1.025,HIGH,GREEN,STABLE,5.6,stable,5.6,5.6,stable,5.6,,,,0.0323,-0.002117,0.1679,0.0871,1.0045,0.8571,False,,Sequence fitness 1.00 is healthy — no variant analysis needed.,30.0,1.0,1.05,1.0,0.0323,pipeline-owner,2026-06-20T13:48:27.447989
hdfs_replication_check,FRC-f4376f26,20260519,1.025,HIGH,GREEN,STABLE,3.0,stable,3.0,3.0,stable,3.0,,,,0.0364,-0.002257,0.1604,0.0697,1.0033,0.8646,False,,Sequence fitness 1.00 is healthy — no variant analysis needed.,30.0,1.0,1.05,1.0,0.0364,pipeline-owner,2026-06-20T13:48:27.474992
inference_batch_scoring,FRC-43dc1c4e,20260519,0.9389,HIGH,AMBER,STABLE,20.2,stable,20.2,20.2,stable,20.2,,,,0.033,0.000738,0.1602,0.2409,0.9969,0.8648,False,,Sequence fitness 1.00 is healthy — no variant analysis needed.,30.0,1.0,0.8778,1.0,0.033,pipeline-owner,2026-06-20T13:48:27.501095
kafka_compaction_job,FRC-f2a9dc32,20260519,1.025,HIGH,GREEN,STABLE,5.5,stable,5.5,5.5,stable,5.5,,,,0.0395,-0.000566,0.1538,-0.0228,0.9984,0.8712,False,,Sequence fitness 1.00 is healthy — no variant analysis needed.,30.0,1.0,1.05,1.0,0.0395,pipeline-owner,2026-06-20T13:48:27.548921
lgd_calculation_daily,FRC-9455f754,20260519,1.025,HIGH,GREEN,STABLE,5.7,stable,5.7,5.7,stable,5.7,,,,0.0267,9.2e-05,0.134,-0.0077,1.0051,0.891,False,,Sequence fitness 1.00 is healthy — no variant analysis needed.,30.0,1.0,1.05,1.0,0.0267,pipeline-owner,2026-06-20T13:48:27.609411
liquidity_reporting,FRC-140ac563,20260519,1.025,HIGH,GREEN,STABLE,28.1,stable,28.1,28.1,stable,28.1,,,,0.0286,0.000573,0.1104,0.0953,1.0027,0.9146,False,,Sequence fitness 1.00 is healthy — no variant analysis needed.,30.0,1.0,1.05,1.0,0.0286,pipeline-owner,2026-06-20T13:48:27.636842
mifid_trade_reporting,FRC-a9ecb086,20260519,1.0,HIGH,GREEN,STABLE,13.0,stable,13.0,13.0,stable,13.0,,,,0.0165,0.000289,0.0607,0.0293,1.0095,0.9643,False,,Sequence fitness 1.00 is healthy — no variant analysis needed.,30.0,1.0,1.0,1.0,0.0165,pipeline-owner,2026-06-20T13:48:27.667174
model_training_pipeline,FRC-1147b324,20260519,1.025,HIGH,GREEN,STABLE,5.0,stable,5.0,5.0,stable,5.0,,,,0.0322,-0.001033,0.1776,-0.0317,1.0058,0.8474,False,,Sequence fitness 1.00 is healthy — no variant analysis needed.,30.0,1.0,1.05,1.0,0.0322,pipeline-owner,2026-06-20T13:48:27.693045
payment_reconciliation,FRC-0eecd6a1,20260519,1.025,HIGH,GREEN,STABLE,2.4,stable,2.4,2.4,stable,2.4,,,,0.0354,-0.002204,0.1662,0.0273,1.0046,0.8588,False,,Sequence fitness 1.00 is healthy — no variant analysis needed.,30.0,1.0,1.05,1.0,0.0354,pipeline-owner,2026-06-20T13:48:27.739396
payment_settlements_daily,FRC-90d4a831,20260519,0.8698,HIGH,RED,STABLE,4.5,stable,4.5,4.5,stable,4.5,,,,0.0406,0.000965,0.1552,0.0094,0.9953,0.8698,False,,Sequence fitness 1.00 is healthy — no variant analysis needed.,30.0,1.0,0.7395,1.0,0.0406,pipeline-owner,2026-06-20T13:48:27.769948
pd_model_batch,FRC-a3830df0,20260519,1.025,HIGH,GREEN,STABLE,3.7,stable,3.7,3.7,stable,3.7,,,,0.0312,-0.001829,0.1641,0.0889,1.0052,0.8609,False,,Sequence fitness 1.00 is healthy — no variant analysis needed.,30.0,1.0,1.05,1.0,0.0312,pipeline-owner,2026-06-20T13:48:27.796657
positions_sftp_ingest,FRC-1f0703ba,20260519,1.025,HIGH,GREEN,STABLE,6.9,stable,6.9,6.9,stable,6.9,,,,0.0214,-0.001806,0.085,0.4169,1.0086,0.94,False,,Sequence fitness 1.00 is healthy — no variant analysis needed.,30.0,1.0,1.05,1.0,0.0214,pipeline-owner,2026-06-20T13:48:27.821484
raw_ingestion_pipeline,FRC-44ed2010,20260519,0.9494,HIGH,AMBER,STABLE,4.8,stable,4.8,4.8,stable,4.8,,,,0.0176,4.5e-05,0.0756,-0.0066,1.005,0.9494,False,,Sequence fitness 1.00 is healthy — no variant analysis needed.,30.0,1.0,0.8989,1.0,0.0176,pipeline-owner,2026-06-20T13:48:27.848000
regulatory_batch_dnb,FRC-b1e6b70a,20260519,1.025,HIGH,GREEN,STABLE,4.8,stable,4.8,4.8,stable,4.8,,,,0.0384,7.5e-05,0.1572,0.0015,0.9966,0.8678,False,,Sequence fitness 1.00 is healthy — no variant analysis needed.,30.0,1.0,1.05,1.0,0.0384,pipeline-owner,2026-06-20T13:48:27.872051
spark_batch_job,FRC-f1cf9f47,20260519,1.025,HIGH,GREEN,STABLE,3.0,stable,3.0,3.0,stable,3.0,,,,0.0369,-0.002021,0.156,0.0329,1.0005,0.869,False,,Sequence fitness 1.00 is healthy — no variant analysis needed.,30.0,1.0,1.05,1.0,0.0369,pipeline-owner,2026-06-20T13:48:27.896512
stress_test_scenario,FRC-9e0824ef,20260519,0.425,UNRELIABLE,RED,INTERMITTENT,,,,,,,,,,0.3216,0.002706,0.6,0.003,0.8346,0.425,False,,Variant comparison skipped: 0% trace completeness at grain='pipeline'. Low completeness at this grain level suggests row sampling rather than trace sampling. See deviations for the fix.,30.0,0.5,0.5,0.0,0.3216,platform-infrastructure,2026-06-20T13:48:27.916186
transaction_screening,FRC-47ba874a,20260519,1.025,HIGH,GREEN,STABLE,5.3,stable,5.3,5.3,stable,5.3,,,,0.0377,0.000809,0.1596,0.003,0.9995,0.8654,False,,Sequence fitness 1.00 is healthy — no variant analysis needed.,30.0,1.0,1.05,1.0,0.0377,pipeline-owner,2026-06-20T13:48:27.962661
var_batch_processing,FRC-94e2dc53,20260519,1.0,HIGH,GREEN,STABLE,5.2,stable,5.2,5.2,stable,5.2,,,,0.0311,0.000659,0.1749,-0.0102,1.0035,0.8501,False,,Sequence fitness 1.00 is healthy — no variant analysis needed.,30.0,1.0,1.0,1.0,0.0311,pipeline-owner,2026-06-20T13:48:27.986591
collateral_valuation,FRC-0cb5fb6e,20260520,1.025,HIGH,GREEN,STABLE,7.0,stable,7.0,7.0,stable,7.0,,,,0.0312,-0.001986,0.1594,0.2649,1.0048,0.8656,False,,Sequence fitness 1.00 is healthy — no variant analysis needed.,30.0,1.0,1.05,1.0,0.0312,pipeline-owner,2026-06-20T13:48:28.010176
customer_risk_features,FRC-4aa3678b,20260520,1.025,HIGH,GREEN,INTERMITTENT,3.9,stable,3.9,3.9,stable,3.9,,,,0.3009,-0.000201,0.6,-0.0207,0.8362,0.425,False,,Sequence fitness 1.00 is healthy — no variant analysis needed.,30.0,1.0,1.05,1.0,0.3009,platform-infrastructure,2026-06-20T13:48:28.032542
dbt_model_runner,FRC-ed2958aa,20260520,1.025,HIGH,GREEN,DRIFTING,11.8,stable,11.8,11.8,stable,11.8,,,,0.0435,-0.003548,0.1536,0.2755,0.9951,0.8714,False,,Sequence fitness 1.00 is healthy — no variant analysis needed.,30.0,1.0,1.05,1.0,0.0435,pipeline-owner,2026-06-20T13:48:28.058201
delta_vacuum_runner,FRC-e23ba970,20260520,0.9952,HIGH,AMBER,INTERMITTENT,0.9,stable,0.9,0.9,stable,0.9,,,,0.2142,-0.000878,0.6,0.0223,0.9254,0.425,False,,Sequence fitness 1.00 is healthy — no variant analysis needed.,30.0,1.0,0.9903,1.0,0.2143,platform-infrastructure,2026-06-20T13:48:28.089881
etl_daily_transform,FRC-4052a9d3,20260520,1.0,HIGH,GREEN,STABLE,4.6,stable,4.6,4.6,stable,4.6,,,,0.0193,0.000104,0.1044,0.0028,1.0047,0.9206,False,,Sequence fitness 1.00 is healthy — no variant analysis needed.,30.0,1.0,1.0,1.0,0.0193,pipeline-owner,2026-06-20T13:48:28.114190
feature_store_refresh,FRC-034a3f56,20260520,1.0,HIGH,GREEN,INTERMITTENT,1.6,stable,1.6,1.6,stable,1.6,,,,0.3027,-0.002024,0.6,-0.0244,0.8474,0.425,False,,Sequence fitness 1.00 is healthy — no variant analysis needed.,30.0,1.0,1.0,1.0,0.3027,platform-infrastructure,2026-06-20T13:48:28.137288
feature_validation_job,FRC-c1f86d79,20260520,1.025,HIGH,GREEN,STABLE,5.8,stable,5.8,5.8,stable,5.8,,,,0.0346,-6e-05,0.1522,-0.0055,1.0047,0.8728,False,,Sequence fitness 1.00 is healthy — no variant analysis needed.,30.0,1.0,1.05,1.0,0.0346,pipeline-owner,2026-06-20T13:48:28.160933
fx_rate_ingestion,FRC-a24407bf,20260520,1.025,HIGH,GREEN,STABLE,5.5,stable,5.5,5.5,stable,5.5,,,,0.0316,-0.001066,0.1621,-0.0078,1.0021,0.8629,False,,Sequence fitness 1.00 is healthy — no variant analysis needed.,30.0,1.0,1.05,1.0,0.0316,pipeline-owner,2026-06-20T13:48:28.185043
grid_corehours_calc,FRC-0f6b3c37,20260520,1.025,HIGH,GREEN,STABLE,2.4,stable,2.4,2.4,stable,2.4,,,,0.0323,-0.002117,0.1679,0.0871,1.0045,0.8571,False,,Sequence fitness 1.00 is healthy — no variant analysis needed.,30.0,1.0,1.05,1.0,0.0323,pipeline-owner,2026-06-20T13:48:28.207872
hdfs_replication_check,FRC-f4376f26,20260520,1.025,HIGH,GREEN,STABLE,4.7,stable,4.7,4.7,stable,4.7,,,,0.0364,-0.002257,0.1604,0.0697,1.0033,0.8646,False,,Sequence fitness 1.00 is healthy — no variant analysis needed.,30.0,1.0,1.05,1.0,0.0364,pipeline-owner,2026-06-20T13:48:28.230363
inference_batch_scoring,FRC-43dc1c4e,20260520,1.0,HIGH,GREEN,STABLE,21.8,stable,21.8,21.8,stable,21.8,,,,0.033,0.000738,0.1602,0.2409,0.9969,0.8648,False,,Sequence fitness 1.00 is healthy — no variant analysis needed.,30.0,1.0,1.0,1.0,0.033,pipeline-owner,2026-06-20T13:48:28.253050
kafka_compaction_job,FRC-f2a9dc32,20260520,1.025,HIGH,GREEN,STABLE,5.7,stable,5.7,5.7,stable,5.7,,,,0.0395,-0.000566,0.1538,-0.0228,0.9984,0.8712,False,,Sequence fitness 1.00 is healthy — no variant analysis needed.,30.0,1.0,1.05,1.0,0.0395,pipeline-owner,2026-06-20T13:48:28.274914
lgd_calculation_daily,FRC-9455f754,20260520,1.025,HIGH,GREEN,STABLE,5.8,stable,5.8,5.8,stable,5.8,,,,0.0267,9.2e-05,0.134,-0.0077,1.0051,0.891,False,,Sequence fitness 1.00 is healthy — no variant analysis needed.,30.0,1.0,1.05,1.0,0.0267,pipeline-owner,2026-06-20T13:48:28.297479
liquidity_reporting,FRC-140ac563,20260520,1.025,HIGH,GREEN,STABLE,30.6,stable,30.6,30.6,stable,30.6,,,,0.0286,0.000573,0.1104,0.0953,1.0027,0.9146,False,,Sequence fitness 1.00 is healthy — no variant analysis needed.,30.0,1.0,1.05,1.0,0.0286,pipeline-owner,2026-06-20T13:48:28.321386
mifid_trade_reporting,FRC-a9ecb086,20260520,1.025,HIGH,GREEN,STABLE,14.3,stable,14.3,14.3,stable,14.3,,,,0.0165,0.000289,0.0607,0.0293,1.0095,0.9643,False,,Sequence fitness 1.00 is healthy — no variant analysis needed.,30.0,1.0,1.05,1.0,0.0165,pipeline-owner,2026-06-20T13:48:28.343865
model_training_pipeline,FRC-1147b324,20260520,1.025,HIGH,GREEN,STABLE,6.0,stable,6.0,6.0,stable,6.0,,,,0.0322,-0.001033,0.1776,-0.0317,1.0058,0.8474,False,,Sequence fitness 1.00 is healthy — no variant analysis needed.,30.0,1.0,1.05,1.0,0.0322,pipeline-owner,2026-06-20T13:48:28.367004
payment_reconciliation,FRC-0eecd6a1,20260520,1.025,HIGH,GREEN,STABLE,3.7,stable,3.7,3.7,stable,3.7,,,,0.0354,-0.002204,0.1662,0.0273,1.0046,0.8588,False,,Sequence fitness 1.00 is healthy — no variant analysis needed.,30.0,1.0,1.05,1.0,0.0354,pipeline-owner,2026-06-20T13:48:28.389866
payment_settlements_daily,FRC-90d4a831,20260520,0.9202,HIGH,AMBER,STABLE,4.7,stable,4.7,4.7,stable,4.7,,,,0.0406,0.000965,0.1552,0.0094,0.9953,0.8698,False,,Sequence fitness 1.00 is healthy — no variant analysis needed.,30.0,1.0,0.8405,1.0,0.0406,pipeline-owner,2026-06-20T13:48:28.412289
pd_model_batch,FRC-a3830df0,20260520,1.025,HIGH,GREEN,STABLE,4.6,stable,4.6,4.6,stable,4.6,,,,0.0312,-0.001829,0.1641,0.0889,1.0052,0.8609,False,,Sequence fitness 1.00 is healthy — no variant analysis needed.,30.0,1.0,1.05,1.0,0.0312,pipeline-owner,2026-06-20T13:48:28.434864
positions_sftp_ingest,FRC-1f0703ba,20260520,1.025,HIGH,GREEN,STABLE,9.8,stable,9.8,9.8,stable,9.8,,,,0.0214,-0.001806,0.085,0.4169,1.0086,0.94,False,,Sequence fitness 1.00 is healthy — no variant analysis needed.,30.0,1.0,1.05,1.0,0.0214,pipeline-owner,2026-06-20T13:48:28.458815
raw_ingestion_pipeline,FRC-44ed2010,20260520,1.025,HIGH,GREEN,STABLE,4.6,stable,4.6,4.6,stable,4.6,,,,0.0176,4.5e-05,0.0756,-0.0066,1.005,0.9494,False,,Sequence fitness 1.00 is healthy — no variant analysis needed.,30.0,1.0,1.05,1.0,0.0176,pipeline-owner,2026-06-20T13:48:28.481273
regulatory_batch_dnb,FRC-b1e6b70a,20260520,1.0,HIGH,GREEN,STABLE,4.2,stable,4.2,4.2,stable,4.2,,,,0.0384,7.5e-05,0.1572,0.0015,0.9966,0.8678,False,,Sequence fitness 1.00 is healthy — no variant analysis needed.,30.0,1.0,1.0,1.0,0.0384,pipeline-owner,2026-06-20T13:48:28.503729
spark_batch_job,FRC-f1cf9f47,20260520,1.025,HIGH,GREEN,STABLE,3.0,stable,3.0,3.0,stable,3.0,,,,0.0369,-0.002021,0.156,0.0329,1.0005,0.869,False,,Sequence fitness 1.00 is healthy — no variant analysis needed.,30.0,1.0,1.05,1.0,0.0369,pipeline-owner,2026-06-20T13:48:28.525889
stress_test_scenario,FRC-9e0824ef,20260520,1.0,HIGH,GREEN,INTERMITTENT,1.3,stable,1.3,1.3,stable,1.3,,,,0.3216,0.002706,0.6,0.003,0.8346,0.425,False,,Sequence fitness 1.00 is healthy — no variant analysis needed.,30.0,1.0,1.0,1.0,0.3216,platform-infrastructure,2026-06-20T13:48:28.547649
transaction_screening,FRC-47ba874a,20260520,1.0,HIGH,GREEN,STABLE,6.0,stable,6.0,6.0,stable,6.0,,,,0.0377,0.000809,0.1596,0.003,0.9995,0.8654,False,,Sequence fitness 1.00 is healthy — no variant analysis needed.,30.0,1.0,1.0,1.0,0.0377,pipeline-owner,2026-06-20T13:48:28.593981
var_batch_processing,FRC-94e2dc53,20260520,1.025,HIGH,GREEN,STABLE,2.8,stable,2.8,2.8,stable,2.8,,,,0.0311,0.000659,0.1749,-0.0102,1.0035,0.8501,False,,Sequence fitness 1.00 is healthy — no variant analysis needed.,30.0,1.0,1.05,1.0,0.0311,pipeline-owner,2026-06-20T13:48:28.616028
collateral_valuation,FRC-0cb5fb6e,20260521,1.025,HIGH,GREEN,STABLE,13.1,stable,13.1,13.1,stable,13.1,,,,0.0312,-0.001986,0.1594,0.2649,1.0048,0.8656,False,,Sequence fitness 1.00 is healthy — no variant analysis needed.,30.0,1.0,1.05,1.0,0.0312,pipeline-owner,2026-06-20T13:48:28.639468
customer_risk_features,FRC-4aa3678b,20260521,0.425,UNRELIABLE,RED,INTERMITTENT,,,,,,,,,,0.3009,-0.000201,0.6,-0.0207,0.8362,0.425,False,,Variant comparison skipped: 0% trace completeness at grain='pipeline'. Low completeness at this grain level suggests row sampling rather than trace sampling. See deviations for the fix.,30.0,0.5,0.5,0.0,0.3009,platform-infrastructure,2026-06-20T13:48:28.657369
dbt_model_runner,FRC-ed2958aa,20260521,1.025,HIGH,GREEN,DRIFTING,6.9,stable,6.9,6.9,stable,6.9,,,,0.0435,-0.003548,0.1536,0.2755,0.9951,0.8714,False,,Sequence fitness 1.00 is healthy — no variant analysis needed.,30.0,1.0,1.05,1.0,0.0435,pipeline-owner,2026-06-20T13:48:28.679541
delta_vacuum_runner,FRC-e23ba970,20260521,1.0,HIGH,GREEN,INTERMITTENT,1.7,stable,1.7,1.7,stable,1.7,,,,0.2142,-0.000878,0.6,0.0223,0.9254,0.425,False,,Sequence fitness 1.00 is healthy — no variant analysis needed.,30.0,1.0,1.0,1.0,0.2143,platform-infrastructure,2026-06-20T13:48:28.704256
etl_daily_transform,FRC-4052a9d3,20260521,1.0,HIGH,GREEN,STABLE,5.0,stable,5.0,5.0,stable,5.0,,,,0.0193,0.000104,0.1044,0.0028,1.0047,0.9206,False,,Sequence fitness 1.00 is healthy — no variant analysis needed.,30.0,1.0,1.0,1.0,0.0193,pipeline-owner,2026-06-20T13:48:28.737946
feature_store_refresh,FRC-034a3f56,20260521,1.025,HIGH,GREEN,INTERMITTENT,3.1,stable,3.1,3.1,stable,3.1,,,,0.3027,-0.002024,0.6,-0.0244,0.8474,0.425,False,,Sequence fitness 1.00 is healthy — no variant analysis needed.,30.0,1.0,1.05,1.0,0.3027,platform-infrastructure,2026-06-20T13:48:28.767656
feature_validation_job,FRC-c1f86d79,20260521,1.0,HIGH,GREEN,STABLE,5.8,stable,5.8,5.8,stable,5.8,,,,0.0346,-6e-05,0.1522,-0.0055,1.0047,0.8728,False,,Sequence fitness 1.00 is healthy — no variant analysis needed.,30.0,1.0,1.0,1.0,0.0346,pipeline-owner,2026-06-20T13:48:28.792188
fx_rate_ingestion,FRC-a24407bf,20260521,1.025,HIGH,GREEN,STABLE,5.5,stable,5.5,5.5,stable,5.5,,,,0.0316,-0.001066,0.1621,-0.0078,1.0021,0.8629,False,,Sequence fitness 1.00 is healthy — no variant analysis needed.,30.0,1.0,1.05,1.0,0.0316,pipeline-owner,2026-06-20T13:48:28.816667
grid_corehours_calc,FRC-0f6b3c37,20260521,1.025,HIGH,GREEN,STABLE,4.2,stable,4.2,4.2,stable,4.2,,,,0.0323,-0.002117,0.1679,0.0871,1.0045,0.8571,False,,Sequence fitness 1.00 is healthy — no variant analysis needed.,30.0,1.0,1.05,1.0,0.0323,pipeline-owner,2026-06-20T13:48:28.843149
hdfs_replication_check,FRC-f4376f26,20260521,1.025,HIGH,GREEN,STABLE,2.4,stable,2.4,2.4,stable,2.4,,,,0.0364,-0.002257,0.1604,0.0697,1.0033,0.8646,False,,Sequence fitness 1.00 is healthy — no variant analysis needed.,30.0,1.0,1.05,1.0,0.0364,pipeline-owner,2026-06-20T13:48:28.875206
inference_batch_scoring,FRC-43dc1c4e,20260521,0.9692,HIGH,AMBER,STABLE,20.6,stable,20.6,20.6,stable,20.6,,,,0.033,0.000738,0.1602,0.2409,0.9969,0.8648,False,,Sequence fitness 1.00 is healthy — no variant analysis needed.,30.0,1.0,0.9384,1.0,0.033,pipeline-owner,2026-06-20T13:48:28.902416
kafka_compaction_job,FRC-f2a9dc32,20260521,1.0,HIGH,GREEN,STABLE,5.7,stable,5.7,5.7,stable,5.7,,,,0.0395,-0.000566,0.1538,-0.0228,0.9984,0.8712,False,,Sequence fitness 1.00 is healthy — no variant analysis needed.,30.0,1.0,1.0,1.0,0.0395,pipeline-owner,2026-06-20T13:48:28.925880
lgd_calculation_daily,FRC-9455f754,20260521,1.0,HIGH,GREEN,STABLE,5.4,stable,5.4,5.4,stable,5.4,,,,0.0267,9.2e-05,0.134,-0.0077,1.0051,0.891,False,,Sequence fitness 1.00 is healthy — no variant analysis needed.,30.0,1.0,1.0,1.0,0.0267,pipeline-owner,2026-06-20T13:48:28.949269
liquidity_reporting,FRC-140ac563,20260521,0.9322,HIGH,AMBER,STABLE,29.8,stable,29.8,29.8,stable,29.8,,,,0.0286,0.000573,0.1104,0.0953,1.0027,0.9146,False,,Sequence fitness 1.00 is healthy — no variant analysis needed.,30.0,1.0,0.8643,1.0,0.0286,pipeline-owner,2026-06-20T13:48:28.973019
mifid_trade_reporting,FRC-a9ecb086,20260521,0.9694,HIGH,AMBER,STABLE,14.7,stable,14.7,14.7,stable,14.7,,,,0.0165,0.000289,0.0607,0.0293,1.0095,0.9643,False,,Sequence fitness 1.00 is healthy — no variant analysis needed.,30.0,1.0,0.9388,1.0,0.0165,pipeline-owner,2026-06-20T13:48:28.996394
model_training_pipeline,FRC-1147b324,20260521,1.025,HIGH,GREEN,STABLE,1.7,stable,1.7,1.7,stable,1.7,,,,0.0322,-0.001033,0.1776,-0.0317,1.0058,0.8474,False,,Sequence fitness 1.00 is healthy — no variant analysis needed.,30.0,1.0,1.05,1.0,0.0322,pipeline-owner,2026-06-20T13:48:29.019537
payment_reconciliation,FRC-0eecd6a1,20260521,1.025,HIGH,GREEN,STABLE,4.7,stable,4.7,4.7,stable,4.7,,,,0.0354,-0.002204,0.1662,0.0273,1.0046,0.8588,False,,Sequence fitness 1.00 is healthy — no variant analysis needed.,30.0,1.0,1.05,1.0,0.0354,pipeline-owner,2026-06-20T13:48:29.043076
payment_settlements_daily,FRC-90d4a831,20260521,1.025,HIGH,GREEN,STABLE,5.0,stable,5.0,5.0,stable,5.0,,,,0.0406,0.000965,0.1552,0.0094,0.9953,0.8698,False,,Sequence fitness 1.00 is healthy — no variant analysis needed.,30.0,1.0,1.05,1.0,0.0406,pipeline-owner,2026-06-20T13:48:29.065560
pd_model_batch,FRC-a3830df0,20260521,1.025,HIGH,GREEN,STABLE,3.7,stable,3.7,3.7,stable,3.7,,,,0.0312,-0.001829,0.1641,0.0889,1.0052,0.8609,False,,Sequence fitness 1.00 is healthy — no variant analysis needed.,30.0,1.0,1.05,1.0,0.0312,pipeline-owner,2026-06-20T13:48:29.087692
positions_sftp_ingest,FRC-1f0703ba,20260521,1.025,HIGH,GREEN,STABLE,12.3,stable,12.3,12.3,stable,12.3,,,,0.0214,-0.001806,0.085,0.4169,1.0086,0.94,False,,Sequence fitness 1.00 is healthy — no variant analysis needed.,30.0,1.0,1.05,1.0,0.0214,pipeline-owner,2026-06-20T13:48:29.110983
raw_ingestion_pipeline,FRC-44ed2010,20260521,1.0,HIGH,GREEN,STABLE,4.2,stable,4.2,4.2,stable,4.2,,,,0.0176,4.5e-05,0.0756,-0.0066,1.005,0.9494,False,,Sequence fitness 1.00 is healthy — no variant analysis needed.,30.0,1.0,1.0,1.0,0.0176,pipeline-owner,2026-06-20T13:48:29.133001
regulatory_batch_dnb,FRC-b1e6b70a,20260521,1.025,HIGH,GREEN,STABLE,5.9,stable,5.9,5.9,stable,5.9,,,,0.0384,7.5e-05,0.1572,0.0015,0.9966,0.8678,False,,Sequence fitness 1.00 is healthy — no variant analysis needed.,30.0,1.0,1.05,1.0,0.0384,pipeline-owner,2026-06-20T13:48:29.155702
spark_batch_job,FRC-f1cf9f47,20260521,1.025,HIGH,GREEN,STABLE,4.0,stable,4.0,4.0,stable,4.0,,,,0.0369,-0.002021,0.156,0.0329,1.0005,0.869,False,,Sequence fitness 1.00 is healthy — no variant analysis needed.,30.0,1.0,1.05,1.0,0.0369,pipeline-owner,2026-06-20T13:48:29.178502
stress_test_scenario,FRC-9e0824ef,20260521,0.425,UNRELIABLE,RED,INTERMITTENT,,,,,,,,,,0.3216,0.002706,0.6,0.003,0.8346,0.425,False,,Variant comparison skipped: 0% trace completeness at grain='pipeline'. Low completeness at this grain level suggests row sampling rather than trace sampling. See deviations for the fix.,30.0,0.5,0.5,0.0,0.3216,platform-infrastructure,2026-06-20T13:48:29.199642
transaction_screening,FRC-47ba874a,20260521,0.9434,HIGH,AMBER,STABLE,4.9,stable,4.9,4.9,stable,4.9,,,,0.0377,0.000809,0.1596,0.003,0.9995,0.8654,False,,Sequence fitness 1.00 is healthy — no variant analysis needed.,30.0,1.0,0.8867,1.0,0.0377,pipeline-owner,2026-06-20T13:48:29.255399
var_batch_processing,FRC-94e2dc53,20260521,1.0,HIGH,GREEN,STABLE,3.3,stable,3.3,3.3,stable,3.3,,,,0.0311,0.000659,0.1749,-0.0102,1.0035,0.8501,False,,Sequence fitness 1.00 is healthy — no variant analysis needed.,30.0,1.0,1.0,1.0,0.0311,pipeline-owner,2026-06-20T13:48:29.279233
collateral_valuation,FRC-0cb5fb6e,20260522,1.025,HIGH,GREEN,STABLE,11.7,stable,11.7,11.7,stable,11.7,,,,0.0312,-0.001986,0.1594,0.2649,1.0048,0.8656,False,,Sequence fitness 1.00 is healthy — no variant analysis needed.,30.0,1.0,1.05,1.0,0.0312,pipeline-owner,2026-06-20T13:48:29.303643
customer_risk_features,FRC-4aa3678b,20260522,1.0,HIGH,GREEN,INTERMITTENT,3.7,stable,3.7,3.7,stable,3.7,,,,0.3009,-0.000201,0.6,-0.0207,0.8362,0.425,False,,Sequence fitness 1.00 is healthy — no variant analysis needed.,30.0,1.0,1.0,1.0,0.3009,platform-infrastructure,2026-06-20T13:48:29.327284
dbt_model_runner,FRC-ed2958aa,20260522,1.025,HIGH,GREEN,DRIFTING,10.2,stable,10.2,10.2,stable,10.2,,,,0.0435,-0.003548,0.1536,0.2755,0.9951,0.8714,False,,Sequence fitness 1.00 is healthy — no variant analysis needed.,30.0,1.0,1.05,1.0,0.0435,pipeline-owner,2026-06-20T13:48:29.350416
delta_vacuum_runner,FRC-e23ba970,20260522,1.0,HIGH,GREEN,INTERMITTENT,2.3,stable,2.3,2.3,stable,2.3,,,,0.2142,-0.000878,0.6,0.0223,0.9254,0.425,False,,Sequence fitness 1.00 is healthy — no variant analysis needed.,30.0,1.0,1.0,1.0,0.2143,platform-infrastructure,2026-06-20T13:48:29.374599
etl_daily_transform,FRC-4052a9d3,20260522,1.0,HIGH,GREEN,STABLE,4.0,stable,4.0,4.0,stable,4.0,,,,0.0193,0.000104,0.1044,0.0028,1.0047,0.9206,False,,Sequence fitness 1.00 is healthy — no variant analysis needed.,30.0,1.0,1.0,1.0,0.0193,pipeline-owner,2026-06-20T13:48:29.397485
feature_store_refresh,FRC-034a3f56,20260522,1.025,HIGH,GREEN,INTERMITTENT,3.7,stable,3.7,3.7,stable,3.7,,,,0.3027,-0.002024,0.6,-0.0244,0.8474,0.425,False,,Sequence fitness 1.00 is healthy — no variant analysis needed.,30.0,1.0,1.05,1.0,0.3027,platform-infrastructure,2026-06-20T13:48:29.419443
feature_validation_job,FRC-c1f86d79,20260522,1.0,HIGH,GREEN,STABLE,4.2,stable,4.2,4.2,stable,4.2,,,,0.0346,-6e-05,0.1522,-0.0055,1.0047,0.8728,False,,Sequence fitness 1.00 is healthy — no variant analysis needed.,30.0,1.0,1.0,1.0,0.0346,pipeline-owner,2026-06-20T13:48:29.441748
fx_rate_ingestion,FRC-a24407bf,20260522,1.0,HIGH,GREEN,STABLE,4.4,stable,4.4,4.4,stable,4.4,,,,0.0316,-0.001066,0.1621,-0.0078,1.0021,0.8629,False,,Sequence fitness 1.00 is healthy — no variant analysis needed.,30.0,1.0,1.0,1.0,0.0316,pipeline-owner,2026-06-20T13:48:29.465739
grid_corehours_calc,FRC-0f6b3c37,20260522,1.025,HIGH,GREEN,STABLE,2.1,stable,2.1,2.1,stable,2.1,,,,0.0323,-0.002117,0.1679,0.0871,1.0045,0.8571,False,,Sequence fitness 1.00 is healthy — no variant analysis needed.,30.0,1.0,1.05,1.0,0.0323,pipeline-owner,2026-06-20T13:48:29.487960
hdfs_replication_check,FRC-f4376f26,20260522,1.025,HIGH,GREEN,STABLE,4.4,stable,4.4,4.4,stable,4.4,,,,0.0364,-0.002257,0.1604,0.0697,1.0033,0.8646,False,,Sequence fitness 1.00 is healthy — no variant analysis needed.,30.0,1.0,1.05,1.0,0.0364,pipeline-owner,2026-06-20T13:48:29.511496
inference_batch_scoring,FRC-43dc1c4e,20260522,1.0,HIGH,GREEN,STABLE,21.5,stable,21.5,21.5,stable,21.5,,,,0.033,0.000738,0.1602,0.2409,0.9969,0.8648,False,,Sequence fitness 1.00 is healthy — no variant analysis needed.,30.0,1.0,1.0,1.0,0.033,pipeline-owner,2026-06-20T13:48:29.534823
kafka_compaction_job,FRC-f2a9dc32,20260522,0.9704,HIGH,AMBER,STABLE,5.4,stable,5.4,5.4,stable,5.4,,,,0.0395,-0.000566,0.1538,-0.0228,0.9984,0.8712,False,,Sequence fitness 1.00 is healthy — no variant analysis needed.,30.0,1.0,0.9408,1.0,0.0395,pipeline-owner,2026-06-20T13:48:29.558770
lgd_calculation_daily,FRC-9455f754,20260522,1.0,HIGH,GREEN,STABLE,4.6,stable,4.6,4.6,stable,4.6,,,,0.0267,9.2e-05,0.134,-0.0077,1.0051,0.891,False,,Sequence fitness 1.00 is healthy — no variant analysis needed.,30.0,1.0,1.0,1.0,0.0267,pipeline-owner,2026-06-20T13:48:29.581945
liquidity_reporting,FRC-140ac563,20260522,1.025,HIGH,GREEN,STABLE,28.9,stable,28.9,28.9,stable,28.9,,,,0.0286,0.000573,0.1104,0.0953,1.0027,0.9146,False,,Sequence fitness 1.00 is healthy — no variant analysis needed.,30.0,1.0,1.05,1.0,0.0286,pipeline-owner,2026-06-20T13:48:29.603988
mifid_trade_reporting,FRC-a9ecb086,20260522,1.0,HIGH,GREEN,STABLE,11.9,stable,11.9,11.9,stable,11.9,,,,0.0165,0.000289,0.0607,0.0293,1.0095,0.9643,False,,Sequence fitness 1.00 is healthy — no variant analysis needed.,30.0,1.0,1.0,1.0,0.0165,pipeline-owner,2026-06-20T13:48:29.625894
model_training_pipeline,FRC-1147b324,20260522,1.025,HIGH,GREEN,STABLE,2.2,stable,2.2,2.2,stable,2.2,,,,0.0322,-0.001033,0.1776,-0.0317,1.0058,0.8474,False,,Sequence fitness 1.00 is healthy — no variant analysis needed.,30.0,1.0,1.05,1.0,0.0322,pipeline-owner,2026-06-20T13:48:29.648224
payment_reconciliation,FRC-0eecd6a1,20260522,1.025,HIGH,GREEN,STABLE,4.8,stable,4.8,4.8,stable,4.8,,,,0.0354,-0.002204,0.1662,0.0273,1.0046,0.8588,False,,Sequence fitness 1.00 is healthy — no variant analysis needed.,30.0,1.0,1.05,1.0,0.0354,pipeline-owner,2026-06-20T13:48:29.676772
payment_settlements_daily,FRC-90d4a831,20260522,0.99,HIGH,AMBER,STABLE,5.5,stable,5.5,5.5,stable,5.5,,,,0.0406,0.000965,0.1552,0.0094,0.9953,0.8698,False,,Sequence fitness 1.00 is healthy — no variant analysis needed.,30.0,1.0,0.98,1.0,0.0406,pipeline-owner,2026-06-20T13:48:29.698676
pd_model_batch,FRC-a3830df0,20260522,1.025,HIGH,GREEN,STABLE,2.7,stable,2.7,2.7,stable,2.7,,,,0.0312,-0.001829,0.1641,0.0889,1.0052,0.8609,False,,Sequence fitness 1.00 is healthy — no variant analysis needed.,30.0,1.0,1.05,1.0,0.0312,pipeline-owner,2026-06-20T13:48:29.720241
positions_sftp_ingest,FRC-1f0703ba,20260522,1.025,HIGH,GREEN,STABLE,13.0,stable,13.0,13.0,stable,13.0,,,,0.0214,-0.001806,0.085,0.4169,1.0086,0.94,False,,Sequence fitness 1.00 is healthy — no variant analysis needed.,30.0,1.0,1.05,1.0,0.0214,pipeline-owner,2026-06-20T13:48:29.741958
raw_ingestion_pipeline,FRC-44ed2010,20260522,1.0,HIGH,GREEN,STABLE,5.8,stable,5.8,5.8,stable,5.8,,,,0.0176,4.5e-05,0.0756,-0.0066,1.005,0.9494,False,,Sequence fitness 1.00 is healthy — no variant analysis needed.,30.0,1.0,1.0,1.0,0.0176,pipeline-owner,2026-06-20T13:48:29.763642
regulatory_batch_dnb,FRC-b1e6b70a,20260522,1.025,HIGH,GREEN,STABLE,4.8,stable,4.8,4.8,stable,4.8,,,,0.0384,7.5e-05,0.1572,0.0015,0.9966,0.8678,False,,Sequence fitness 1.00 is healthy — no variant analysis needed.,30.0,1.0,1.05,1.0,0.0384,pipeline-owner,2026-06-20T13:48:29.785611
spark_batch_job,FRC-f1cf9f47,20260522,1.025,HIGH,GREEN,STABLE,4.9,stable,4.9,4.9,stable,4.9,,,,0.0369,-0.002021,0.156,0.0329,1.0005,0.869,False,,Sequence fitness 1.00 is healthy — no variant analysis needed.,30.0,1.0,1.05,1.0,0.0369,pipeline-owner,2026-06-20T13:48:29.808090
stress_test_scenario,FRC-9e0824ef,20260522,1.0,HIGH,GREEN,INTERMITTENT,3.7,stable,3.7,3.7,stable,3.7,,,,0.3216,0.002706,0.6,0.003,0.8346,0.425,False,,Sequence fitness 1.00 is healthy — no variant analysis needed.,30.0,1.0,1.0,1.0,0.3216,platform-infrastructure,2026-06-20T13:48:29.831752
transaction_screening,FRC-47ba874a,20260522,1.025,HIGH,GREEN,STABLE,4.5,stable,4.5,4.5,stable,4.5,,,,0.0377,0.000809,0.1596,0.003,0.9995,0.8654,False,,Sequence fitness 1.00 is healthy — no variant analysis needed.,30.0,1.0,1.05,1.0,0.0377,pipeline-owner,2026-06-20T13:48:29.892489
var_batch_processing,FRC-94e2dc53,20260522,1.025,HIGH,GREEN,STABLE,3.9,stable,3.9,3.9,stable,3.9,,,,0.0311,0.000659,0.1749,-0.0102,1.0035,0.8501,False,,Sequence fitness 1.00 is healthy — no variant analysis needed.,30.0,1.0,1.05,1.0,0.0311,pipeline-owner,2026-06-20T13:48:29.915436
collateral_valuation,FRC-0cb5fb6e,20260523,1.025,HIGH,GREEN,STABLE,8.2,stable,8.2,8.2,stable,8.2,,,,0.0312,-0.001986,0.1594,0.2649,1.0048,0.8656,False,,Sequence fitness 1.00 is healthy — no variant analysis needed.,30.0,1.0,1.05,1.0,0.0312,pipeline-owner,2026-06-20T13:48:29.938866
customer_risk_features,FRC-4aa3678b,20260523,1.0,HIGH,GREEN,INTERMITTENT,1.9,stable,1.9,1.9,stable,1.9,,,,0.3009,-0.000201,0.6,-0.0207,0.8362,0.425,False,,Sequence fitness 1.00 is healthy — no variant analysis needed.,30.0,1.0,1.0,1.0,0.3009,platform-infrastructure,2026-06-20T13:48:29.962335
dbt_model_runner,FRC-ed2958aa,20260523,1.025,HIGH,GREEN,DRIFTING,9.5,stable,9.5,9.5,stable,9.5,,,,0.0435,-0.003548,0.1536,0.2755,0.9951,0.8714,False,,Sequence fitness 1.00 is healthy — no variant analysis needed.,30.0,1.0,1.05,1.0,0.0435,pipeline-owner,2026-06-20T13:48:29.985314
delta_vacuum_runner,FRC-e23ba970,20260523,0.9152,HIGH,AMBER,INTERMITTENT,2.7,stable,2.7,2.7,stable,2.7,,,,0.2142,-0.000878,0.6,0.0223,0.9254,0.425,False,,Sequence fitness 1.00 is healthy — no variant analysis needed.,30.0,1.0,0.8305,1.0,0.2143,platform-infrastructure,2026-06-20T13:48:30.014688
etl_daily_transform,FRC-4052a9d3,20260523,1.025,HIGH,GREEN,STABLE,4.2,stable,4.2,4.2,stable,4.2,,,,0.0193,0.000104,0.1044,0.0028,1.0047,0.9206,False,,Sequence fitness 1.00 is healthy — no variant analysis needed.,30.0,1.0,1.05,1.0,0.0193,pipeline-owner,2026-06-20T13:48:30.037617
feature_store_refresh,FRC-034a3f56,20260523,0.425,UNRELIABLE,RED,INTERMITTENT,,,,,,,,,,0.3027,-0.002024,0.6,-0.0244,0.8474,0.425,False,,Variant comparison skipped: 0% trace completeness at grain='pipeline'. Low completeness at this grain level suggests row sampling rather than trace sampling. See deviations for the fix.,30.0,0.5,0.5,0.0,0.3027,platform-infrastructure,2026-06-20T13:48:30.055691
feature_validation_job,FRC-c1f86d79,20260523,1.025,HIGH,GREEN,STABLE,5.5,stable,5.5,5.5,stable,5.5,,,,0.0346,-6e-05,0.1522,-0.0055,1.0047,0.8728,False,,Sequence fitness 1.00 is healthy — no variant analysis needed.,30.0,1.0,1.05,1.0,0.0346,pipeline-owner,2026-06-20T13:48:30.077766
fx_rate_ingestion,FRC-a24407bf,20260523,1.025,HIGH,GREEN,STABLE,4.7,stable,4.7,4.7,stable,4.7,,,,0.0316,-0.001066,0.1621,-0.0078,1.0021,0.8629,False,,Sequence fitness 1.00 is healthy — no variant analysis needed.,30.0,1.0,1.05,1.0,0.0316,pipeline-owner,2026-06-20T13:48:30.100263
grid_corehours_calc,FRC-0f6b3c37,20260523,1.025,HIGH,GREEN,STABLE,2.9,stable,2.9,2.9,stable,2.9,,,,0.0323,-0.002117,0.1679,0.0871,1.0045,0.8571,False,,Sequence fitness 1.00 is healthy — no variant analysis needed.,30.0,1.0,1.05,1.0,0.0323,pipeline-owner,2026-06-20T13:48:30.122118
hdfs_replication_check,FRC-f4376f26,20260523,1.025,HIGH,GREEN,STABLE,3.6,stable,3.6,3.6,stable,3.6,,,,0.0364,-0.002257,0.1604,0.0697,1.0033,0.8646,False,,Sequence fitness 1.00 is healthy — no variant analysis needed.,30.0,1.0,1.05,1.0,0.0364,pipeline-owner,2026-06-20T13:48:30.144037
inference_batch_scoring,FRC-43dc1c4e,20260523,1.025,HIGH,GREEN,STABLE,20.3,stable,20.3,20.3,stable,20.3,,,,0.033,0.000738,0.1602,0.2409,0.9969,0.8648,False,,Sequence fitness 1.00 is healthy — no variant analysis needed.,30.0,1.0,1.05,1.0,0.033,pipeline-owner,2026-06-20T13:48:30.165770
kafka_compaction_job,FRC-f2a9dc32,20260523,1.0,HIGH,GREEN,STABLE,4.4,stable,4.4,4.4,stable,4.4,,,,0.0395,-0.000566,0.1538,-0.0228,0.9984,0.8712,False,,Sequence fitness 1.00 is healthy — no variant analysis needed.,30.0,1.0,1.0,1.0,0.0395,pipeline-owner,2026-06-20T13:48:30.187991
lgd_calculation_daily,FRC-9455f754,20260523,1.0,HIGH,GREEN,STABLE,5.3,stable,5.3,5.3,stable,5.3,,,,0.0267,9.2e-05,0.134,-0.0077,1.0051,0.891,False,,Sequence fitness 1.00 is healthy — no variant analysis needed.,30.0,1.0,1.0,1.0,0.0267,pipeline-owner,2026-06-20T13:48:30.210294
liquidity_reporting,FRC-140ac563,20260523,0.9146,HIGH,AMBER,STABLE,34.8,stable,34.8,34.8,stable,34.8,,,,0.0286,0.000573,0.1104,0.0953,1.0027,0.9146,False,,Sequence fitness 1.00 is healthy — no variant analysis needed.,30.0,1.0,0.8292,1.0,0.0286,pipeline-owner,2026-06-20T13:48:30.232823
mifid_trade_reporting,FRC-a9ecb086,20260523,1.0,HIGH,GREEN,STABLE,16.8,stable,16.8,16.8,stable,16.8,,,,0.0165,0.000289,0.0607,0.0293,1.0095,0.9643,False,,Sequence fitness 1.00 is healthy — no variant analysis needed.,30.0,1.0,1.0,1.0,0.0165,pipeline-owner,2026-06-20T13:48:30.255277
model_training_pipeline,FRC-1147b324,20260523,1.0,HIGH,GREEN,STABLE,5.1,stable,5.1,5.1,stable,5.1,,,,0.0322,-0.001033,0.1776,-0.0317,1.0058,0.8474,False,,Sequence fitness 1.00 is healthy — no variant analysis needed.,30.0,1.0,1.0,1.0,0.0322,pipeline-owner,2026-06-20T13:48:30.277989
payment_reconciliation,FRC-0eecd6a1,20260523,1.025,HIGH,GREEN,STABLE,5.6,stable,5.6,5.6,stable,5.6,,,,0.0354,-0.002204,0.1662,0.0273,1.0046,0.8588,False,,Sequence fitness 1.00 is healthy — no variant analysis needed.,30.0,1.0,1.05,1.0,0.0354,pipeline-owner,2026-06-20T13:48:30.300947
payment_settlements_daily,FRC-90d4a831,20260523,1.0,HIGH,GREEN,STABLE,5.5,stable,5.5,5.5,stable,5.5,,,,0.0406,0.000965,0.1552,0.0094,0.9953,0.8698,False,,Sequence fitness 1.00 is healthy — no variant analysis needed.,30.0,1.0,1.0,1.0,0.0406,pipeline-owner,2026-06-20T13:48:30.324015
pd_model_batch,FRC-a3830df0,20260523,1.025,HIGH,GREEN,STABLE,5.1,stable,5.1,5.1,stable,5.1,,,,0.0312,-0.001829,0.1641,0.0889,1.0052,0.8609,False,,Sequence fitness 1.00 is healthy — no variant analysis needed.,30.0,1.0,1.05,1.0,0.0312,pipeline-owner,2026-06-20T13:48:30.348330
positions_sftp_ingest,FRC-1f0703ba,20260523,1.025,HIGH,GREEN,STABLE,13.0,stable,13.0,13.0,stable,13.0,,,,0.0214,-0.001806,0.085,0.4169,1.0086,0.94,False,,Sequence fitness 1.00 is healthy — no variant analysis needed.,30.0,1.0,1.05,1.0,0.0214,pipeline-owner,2026-06-20T13:48:30.371517
raw_ingestion_pipeline,FRC-44ed2010,20260523,1.0,HIGH,GREEN,STABLE,5.8,stable,5.8,5.8,stable,5.8,,,,0.0176,4.5e-05,0.0756,-0.0066,1.005,0.9494,False,,Sequence fitness 1.00 is healthy — no variant analysis needed.,30.0,1.0,1.0,1.0,0.0176,pipeline-owner,2026-06-20T13:48:30.393812
regulatory_batch_dnb,FRC-b1e6b70a,20260523,0.9418,HIGH,AMBER,STABLE,5.3,stable,5.3,5.3,stable,5.3,,,,0.0384,7.5e-05,0.1572,0.0015,0.9966,0.8678,False,,Sequence fitness 1.00 is healthy — no variant analysis needed.,30.0,1.0,0.8836,1.0,0.0384,pipeline-owner,2026-06-20T13:48:30.415942
spark_batch_job,FRC-f1cf9f47,20260523,1.025,HIGH,GREEN,STABLE,5.1,stable,5.1,5.1,stable,5.1,,,,0.0369,-0.002021,0.156,0.0329,1.0005,0.869,False,,Sequence fitness 1.00 is healthy — no variant analysis needed.,30.0,1.0,1.05,1.0,0.0369,pipeline-owner,2026-06-20T13:48:30.438383
stress_test_scenario,FRC-9e0824ef,20260523,1.025,HIGH,GREEN,INTERMITTENT,0.9,stable,0.9,0.9,stable,0.9,,,,0.3216,0.002706,0.6,0.003,0.8346,0.425,False,,Sequence fitness 1.00 is healthy — no variant analysis needed.,30.0,1.0,1.05,1.0,0.3216,platform-infrastructure,2026-06-20T13:48:30.460296
transaction_screening,FRC-47ba874a,20260523,1.0,HIGH,GREEN,STABLE,5.6,stable,5.6,5.6,stable,5.6,,,,0.0377,0.000809,0.1596,0.003,0.9995,0.8654,False,,Sequence fitness 1.00 is healthy — no variant analysis needed.,30.0,1.0,1.0,1.0,0.0377,pipeline-owner,2026-06-20T13:48:30.504072
var_batch_processing,FRC-94e2dc53,20260523,1.0,HIGH,GREEN,STABLE,5.8,stable,5.8,5.8,stable,5.8,,,,0.0311,0.000659,0.1749,-0.0102,1.0035,0.8501,False,,Sequence fitness 1.00 is healthy — no variant analysis needed.,30.0,1.0,1.0,1.0,0.0311,pipeline-owner,2026-06-20T13:48:30.526122
collateral_valuation,FRC-0cb5fb6e,20260524,1.025,HIGH,GREEN,STABLE,10.2,stable,10.2,10.2,stable,10.2,,,,0.0312,-0.001986,0.1594,0.2649,1.0048,0.8656,False,,Sequence fitness 1.00 is healthy — no variant analysis needed.,30.0,1.0,1.05,1.0,0.0312,pipeline-owner,2026-06-20T13:48:30.549376
customer_risk_features,FRC-4aa3678b,20260524,1.0,HIGH,GREEN,INTERMITTENT,3.8,stable,3.8,3.8,stable,3.8,,,,0.3009,-0.000201,0.6,-0.0207,0.8362,0.425,False,,Sequence fitness 1.00 is healthy — no variant analysis needed.,30.0,1.0,1.0,1.0,0.3009,platform-infrastructure,2026-06-20T13:48:30.571311
dbt_model_runner,FRC-ed2958aa,20260524,1.025,HIGH,GREEN,DRIFTING,8.4,stable,8.4,8.4,stable,8.4,,,,0.0435,-0.003548,0.1536,0.2755,0.9951,0.8714,False,,Sequence fitness 1.00 is healthy — no variant analysis needed.,30.0,1.0,1.05,1.0,0.0435,pipeline-owner,2026-06-20T13:48:30.595063
delta_vacuum_runner,FRC-e23ba970,20260524,0.425,UNRELIABLE,RED,INTERMITTENT,,,,,,,,,,0.2142,-0.000878,0.6,0.0223,0.9254,0.425,False,,Variant comparison skipped: 0% trace completeness at grain='pipeline'. Low completeness at this grain level suggests row sampling rather than trace sampling. See deviations for the fix.,30.0,0.5,0.5,0.0,0.2143,platform-infrastructure,2026-06-20T13:48:30.614682
etl_daily_transform,FRC-4052a9d3,20260524,1.025,HIGH,GREEN,STABLE,5.9,stable,5.9,5.9,stable,5.9,,,,0.0193,0.000104,0.1044,0.0028,1.0047,0.9206,False,,Sequence fitness 1.00 is healthy — no variant analysis needed.,30.0,1.0,1.05,1.0,0.0193,pipeline-owner,2026-06-20T13:48:30.638011
feature_store_refresh,FRC-034a3f56,20260524,0.425,UNRELIABLE,RED,INTERMITTENT,,,,,,,,,,0.3027,-0.002024,0.6,-0.0244,0.8474,0.425,False,,Variant comparison skipped: 0% trace completeness at grain='pipeline'. Low completeness at this grain level suggests row sampling rather than trace sampling. See deviations for the fix.,30.0,0.5,0.5,0.0,0.3027,platform-infrastructure,2026-06-20T13:48:30.656910
feature_validation_job,FRC-c1f86d79,20260524,0.8728,HIGH,RED,STABLE,4.4,stable,4.4,4.4,stable,4.4,,,,0.0346,-6e-05,0.1522,-0.0055,1.0047,0.8728,False,,Sequence fitness 1.00 is healthy — no variant analysis needed.,30.0,1.0,0.7456,1.0,0.0346,pipeline-owner,2026-06-20T13:48:30.680079
fx_rate_ingestion,FRC-a24407bf,20260524,1.0,HIGH,GREEN,STABLE,5.5,stable,5.5,5.5,stable,5.5,,,,0.0316,-0.001066,0.1621,-0.0078,1.0021,0.8629,False,,Sequence fitness 1.00 is healthy — no variant analysis needed.,30.0,1.0,1.0,1.0,0.0316,pipeline-owner,2026-06-20T13:48:30.702989
grid_corehours_calc,FRC-0f6b3c37,20260524,1.025,HIGH,GREEN,STABLE,2.8,stable,2.8,2.8,stable,2.8,,,,0.0323,-0.002117,0.1679,0.0871,1.0045,0.8571,False,,Sequence fitness 1.00 is healthy — no variant analysis needed.,30.0,1.0,1.05,1.0,0.0323,pipeline-owner,2026-06-20T13:48:30.729006
hdfs_replication_check,FRC-f4376f26,20260524,1.025,HIGH,GREEN,STABLE,5.4,stable,5.4,5.4,stable,5.4,,,,0.0364,-0.002257,0.1604,0.0697,1.0033,0.8646,False,,Sequence fitness 1.00 is healthy — no variant analysis needed.,30.0,1.0,1.05,1.0,0.0364,pipeline-owner,2026-06-20T13:48:30.751116
inference_batch_scoring,FRC-43dc1c4e,20260524,0.9456,HIGH,AMBER,STABLE,21.9,stable,21.9,21.9,stable,21.9,,,,0.033,0.000738,0.1602,0.2409,0.9969,0.8648,False,,Sequence fitness 1.00 is healthy — no variant analysis needed.,30.0,1.0,0.8912,1.0,0.033,pipeline-owner,2026-06-20T13:48:30.773005
kafka_compaction_job,FRC-f2a9dc32,20260524,1.025,HIGH,GREEN,STABLE,4.3,stable,4.3,4.3,stable,4.3,,,,0.0395,-0.000566,0.1538,-0.0228,0.9984,0.8712,False,,Sequence fitness 1.00 is healthy — no variant analysis needed.,30.0,1.0,1.05,1.0,0.0395,pipeline-owner,2026-06-20T13:48:30.795266
lgd_calculation_daily,FRC-9455f754,20260524,1.025,HIGH,GREEN,STABLE,5.1,stable,5.1,5.1,stable,5.1,,,,0.0267,9.2e-05,0.134,-0.0077,1.0051,0.891,False,,Sequence fitness 1.00 is healthy — no variant analysis needed.,30.0,1.0,1.05,1.0,0.0267,pipeline-owner,2026-06-20T13:48:30.817117
liquidity_reporting,FRC-140ac563,20260524,1.025,HIGH,GREEN,STABLE,30.4,stable,30.4,30.4,stable,30.4,,,,0.0286,0.000573,0.1104,0.0953,1.0027,0.9146,False,,Sequence fitness 1.00 is healthy — no variant analysis needed.,30.0,1.0,1.05,1.0,0.0286,pipeline-owner,2026-06-20T13:48:30.838822
mifid_trade_reporting,FRC-a9ecb086,20260524,1.0,HIGH,GREEN,STABLE,13.9,stable,13.9,13.9,stable,13.9,,,,0.0165,0.000289,0.0607,0.0293,1.0095,0.9643,False,,Sequence fitness 1.00 is healthy — no variant analysis needed.,30.0,1.0,1.0,1.0,0.0165,pipeline-owner,2026-06-20T13:48:30.860713
model_training_pipeline,FRC-1147b324,20260524,1.0,HIGH,GREEN,STABLE,5.6,stable,5.6,5.6,stable,5.6,,,,0.0322,-0.001033,0.1776,-0.0317,1.0058,0.8474,False,,Sequence fitness 1.00 is healthy — no variant analysis needed.,30.0,1.0,1.0,1.0,0.0322,pipeline-owner,2026-06-20T13:48:30.882395
payment_reconciliation,FRC-0eecd6a1,20260524,1.0,HIGH,GREEN,STABLE,5.8,stable,5.8,5.8,stable,5.8,,,,0.0354,-0.002204,0.1662,0.0273,1.0046,0.8588,False,,Sequence fitness 1.00 is healthy — no variant analysis needed.,30.0,1.0,1.0,1.0,0.0354,pipeline-owner,2026-06-20T13:48:30.904320
payment_settlements_daily,FRC-90d4a831,20260524,1.025,HIGH,GREEN,STABLE,5.5,stable,5.5,5.5,stable,5.5,,,,0.0406,0.000965,0.1552,0.0094,0.9953,0.8698,False,,Sequence fitness 1.00 is healthy — no variant analysis needed.,30.0,1.0,1.05,1.0,0.0406,pipeline-owner,2026-06-20T13:48:30.926265
pd_model_batch,FRC-a3830df0,20260524,1.025,HIGH,GREEN,STABLE,2.3,stable,2.3,2.3,stable,2.3,,,,0.0312,-0.001829,0.1641,0.0889,1.0052,0.8609,False,,Sequence fitness 1.00 is healthy — no variant analysis needed.,30.0,1.0,1.05,1.0,0.0312,pipeline-owner,2026-06-20T13:48:30.948342
positions_sftp_ingest,FRC-1f0703ba,20260524,1.025,HIGH,GREEN,STABLE,10.0,stable,10.0,10.0,stable,10.0,,,,0.0214,-0.001806,0.085,0.4169,1.0086,0.94,False,,Sequence fitness 1.00 is healthy — no variant analysis needed.,30.0,1.0,1.05,1.0,0.0214,pipeline-owner,2026-06-20T13:48:30.981076
raw_ingestion_pipeline,FRC-44ed2010,20260524,1.025,HIGH,GREEN,STABLE,4.7,stable,4.7,4.7,stable,4.7,,,,0.0176,4.5e-05,0.0756,-0.0066,1.005,0.9494,False,,Sequence fitness 1.00 is healthy — no variant analysis needed.,30.0,1.0,1.05,1.0,0.0176,pipeline-owner,2026-06-20T13:48:31.021784
regulatory_batch_dnb,FRC-b1e6b70a,20260524,1.0,HIGH,GREEN,STABLE,5.6,stable,5.6,5.6,stable,5.6,,,,0.0384,7.5e-05,0.1572,0.0015,0.9966,0.8678,False,,Sequence fitness 1.00 is healthy — no variant analysis needed.,30.0,1.0,1.0,1.0,0.0384,pipeline-owner,2026-06-20T13:48:31.047028
spark_batch_job,FRC-f1cf9f47,20260524,1.0,HIGH,GREEN,STABLE,5.6,stable,5.6,5.6,stable,5.6,,,,0.0369,-0.002021,0.156,0.0329,1.0005,0.869,False,,Sequence fitness 1.00 is healthy — no variant analysis needed.,30.0,1.0,1.0,1.0,0.0369,pipeline-owner,2026-06-20T13:48:31.071089
stress_test_scenario,FRC-9e0824ef,20260524,1.0,HIGH,GREEN,INTERMITTENT,2.8,stable,2.8,2.8,stable,2.8,,,,0.3216,0.002706,0.6,0.003,0.8346,0.425,False,,Sequence fitness 1.00 is healthy — no variant analysis needed.,30.0,1.0,1.0,1.0,0.3216,platform-infrastructure,2026-06-20T13:48:31.094436
transaction_screening,FRC-47ba874a,20260524,0.9705,HIGH,AMBER,STABLE,4.8,stable,4.8,4.8,stable,4.8,,,,0.0377,0.000809,0.1596,0.003,0.9995,0.8654,False,,Sequence fitness 1.00 is healthy — no variant analysis needed.,30.0,1.0,0.941,1.0,0.0377,pipeline-owner,2026-06-20T13:48:31.149943
var_batch_processing,FRC-94e2dc53,20260524,1.0,HIGH,GREEN,STABLE,4.9,stable,4.9,4.9,stable,4.9,,,,0.0311,0.000659,0.1749,-0.0102,1.0035,0.8501,False,,Sequence fitness 1.00 is healthy — no variant analysis needed.,30.0,1.0,1.0,1.0,0.0311,pipeline-owner,2026-06-20T13:48:31.176184
collateral_valuation,FRC-0cb5fb6e,20260525,1.025,HIGH,GREEN,STABLE,13.6,stable,13.6,13.6,stable,13.6,,,,0.0312,-0.001986,0.1594,0.2649,1.0048,0.8656,False,,Sequence fitness 1.00 is healthy — no variant analysis needed.,30.0,1.0,1.05,1.0,0.0312,pipeline-owner,2026-06-20T13:48:31.202750
customer_risk_features,FRC-4aa3678b,20260525,0.425,UNRELIABLE,RED,INTERMITTENT,,,,,,,,,,0.3009,-0.000201,0.6,-0.0207,0.8362,0.425,False,,Variant comparison skipped: 0% trace completeness at grain='pipeline'. Low completeness at this grain level suggests row sampling rather than trace sampling. See deviations for the fix.,30.0,0.5,0.5,0.0,0.3009,platform-infrastructure,2026-06-20T13:48:31.225316
dbt_model_runner,FRC-ed2958aa,20260525,1.025,HIGH,GREEN,DRIFTING,13.0,stable,13.0,13.0,stable,13.0,,,,0.0435,-0.003548,0.1536,0.2755,0.9951,0.8714,False,,Sequence fitness 1.00 is healthy — no variant analysis needed.,30.0,1.0,1.05,1.0,0.0435,pipeline-owner,2026-06-20T13:48:31.250746
delta_vacuum_runner,FRC-e23ba970,20260525,1.0,HIGH,GREEN,INTERMITTENT,1.0,stable,1.0,1.0,stable,1.0,,,,0.2142,-0.000878,0.6,0.0223,0.9254,0.425,False,,Sequence fitness 1.00 is healthy — no variant analysis needed.,30.0,1.0,1.0,1.0,0.2143,platform-infrastructure,2026-06-20T13:48:31.274421
etl_daily_transform,FRC-4052a9d3,20260525,1.0,HIGH,GREEN,STABLE,4.1,stable,4.1,4.1,stable,4.1,,,,0.0193,0.000104,0.1044,0.0028,1.0047,0.9206,False,,Sequence fitness 1.00 is healthy — no variant analysis needed.,30.0,1.0,1.0,1.0,0.0193,pipeline-owner,2026-06-20T13:48:31.296783
feature_store_refresh,FRC-034a3f56,20260525,1.025,HIGH,GREEN,INTERMITTENT,,stable,0.0,0.0,stable,0.0,,,,0.3027,-0.002024,0.6,-0.007,0.8474,0.425,False,,Sequence fitness 1.00 is healthy — no variant analysis needed.,30.0,1.0,1.05,1.0,0.3027,platform-infrastructure,2026-06-20T13:48:31.320493
feature_validation_job,FRC-c1f86d79,20260525,1.025,HIGH,GREEN,STABLE,5.8,stable,5.8,5.8,stable,5.8,,,,0.0346,-6e-05,0.1522,-0.0055,1.0047,0.8728,False,,Sequence fitness 1.00 is healthy — no variant analysis needed.,30.0,1.0,1.05,1.0,0.0346,pipeline-owner,2026-06-20T13:48:31.343927
fx_rate_ingestion,FRC-a24407bf,20260525,1.0,HIGH,GREEN,STABLE,4.9,stable,4.9,4.9,stable,4.9,,,,0.0316,-0.001066,0.1621,-0.0078,1.0021,0.8629,False,,Sequence fitness 1.00 is healthy — no variant analysis needed.,30.0,1.0,1.0,1.0,0.0316,pipeline-owner,2026-06-20T13:48:31.367408
grid_corehours_calc,FRC-0f6b3c37,20260525,1.025,HIGH,GREEN,STABLE,2.3,stable,2.3,2.3,stable,2.3,,,,0.0323,-0.002117,0.1679,0.0871,1.0045,0.8571,False,,Sequence fitness 1.00 is healthy — no variant analysis needed.,30.0,1.0,1.05,1.0,0.0323,pipeline-owner,2026-06-20T13:48:31.389602
hdfs_replication_check,FRC-f4376f26,20260525,1.025,HIGH,GREEN,STABLE,2.3,stable,2.3,2.3,stable,2.3,,,,0.0364,-0.002257,0.1604,0.0697,1.0033,0.8646,False,,Sequence fitness 1.00 is healthy — no variant analysis needed.,30.0,1.0,1.05,1.0,0.0364,pipeline-owner,2026-06-20T13:48:31.411652
inference_batch_scoring,FRC-43dc1c4e,20260525,0.964,HIGH,AMBER,STABLE,22.7,stable,22.7,22.7,stable,22.7,,,,0.033,0.000738,0.1602,0.2409,0.9969,0.8648,False,,Sequence fitness 1.00 is healthy — no variant analysis needed.,30.0,1.0,0.9279,1.0,0.033,pipeline-owner,2026-06-20T13:48:31.433829
kafka_compaction_job,FRC-f2a9dc32,20260525,1.0,HIGH,GREEN,STABLE,5.0,stable,5.0,5.0,stable,5.0,,,,0.0395,-0.000566,0.1538,-0.0228,0.9984,0.8712,False,,Sequence fitness 1.00 is healthy — no variant analysis needed.,30.0,1.0,1.0,1.0,0.0395,pipeline-owner,2026-06-20T13:48:31.461547
lgd_calculation_daily,FRC-9455f754,20260525,1.0,HIGH,GREEN,STABLE,5.7,stable,5.7,5.7,stable,5.7,,,,0.0267,9.2e-05,0.134,-0.0077,1.0051,0.891,False,,Sequence fitness 1.00 is healthy — no variant analysis needed.,30.0,1.0,1.0,1.0,0.0267,pipeline-owner,2026-06-20T13:48:31.489907
liquidity_reporting,FRC-140ac563,20260525,1.025,HIGH,GREEN,STABLE,31.4,stable,31.4,31.4,stable,31.4,,,,0.0286,0.000573,0.1104,0.0953,1.0027,0.9146,False,,Sequence fitness 1.00 is healthy — no variant analysis needed.,30.0,1.0,1.05,1.0,0.0286,pipeline-owner,2026-06-20T13:48:31.512723
mifid_trade_reporting,FRC-a9ecb086,20260525,1.025,HIGH,GREEN,STABLE,16.7,stable,16.7,16.7,stable,16.7,,,,0.0165,0.000289,0.0607,0.0293,1.0095,0.9643,False,,Sequence fitness 1.00 is healthy — no variant analysis needed.,30.0,1.0,1.05,1.0,0.0165,pipeline-owner,2026-06-20T13:48:31.541989
model_training_pipeline,FRC-1147b324,20260525,1.025,HIGH,GREEN,STABLE,3.2,stable,3.2,3.2,stable,3.2,,,,0.0322,-0.001033,0.1776,-0.0317,1.0058,0.8474,False,,Sequence fitness 1.00 is healthy — no variant analysis needed.,30.0,1.0,1.05,1.0,0.0322,pipeline-owner,2026-06-20T13:48:31.569090
payment_reconciliation,FRC-0eecd6a1,20260525,1.025,HIGH,GREEN,STABLE,5.3,stable,5.3,5.3,stable,5.3,,,,0.0354,-0.002204,0.1662,0.0273,1.0046,0.8588,False,,Sequence fitness 1.00 is healthy — no variant analysis needed.,30.0,1.0,1.05,1.0,0.0354,pipeline-owner,2026-06-20T13:48:31.593176
payment_settlements_daily,FRC-90d4a831,20260525,0.9873,HIGH,AMBER,STABLE,4.2,stable,4.2,4.2,stable,4.2,,,,0.0406,0.000965,0.1552,0.0094,0.9953,0.8698,False,,Sequence fitness 1.00 is healthy — no variant analysis needed.,30.0,1.0,0.9746,1.0,0.0406,pipeline-owner,2026-06-20T13:48:31.616998
pd_model_batch,FRC-a3830df0,20260525,1.0,HIGH,GREEN,STABLE,2.4,stable,2.4,2.4,stable,2.4,,,,0.0312,-0.001829,0.1641,0.0889,1.0052,0.8609,False,,Sequence fitness 1.00 is healthy — no variant analysis needed.,30.0,1.0,1.0,1.0,0.0312,pipeline-owner,2026-06-20T13:48:31.642121
positions_sftp_ingest,FRC-1f0703ba,20260525,1.025,HIGH,GREEN,STABLE,11.6,stable,11.6,11.6,stable,11.6,,,,0.0214,-0.001806,0.085,0.4169,1.0086,0.94,False,,Sequence fitness 1.00 is healthy — no variant analysis needed.,30.0,1.0,1.05,1.0,0.0214,pipeline-owner,2026-06-20T13:48:31.665556
raw_ingestion_pipeline,FRC-44ed2010,20260525,1.0,HIGH,GREEN,STABLE,4.4,stable,4.4,4.4,stable,4.4,,,,0.0176,4.5e-05,0.0756,-0.0066,1.005,0.9494,False,,Sequence fitness 1.00 is healthy — no variant analysis needed.,30.0,1.0,1.0,1.0,0.0176,pipeline-owner,2026-06-20T13:48:31.690738
regulatory_batch_dnb,FRC-b1e6b70a,20260525,1.0,HIGH,GREEN,STABLE,4.6,stable,4.6,4.6,stable,4.6,,,,0.0384,7.5e-05,0.1572,0.0015,0.9966,0.8678,False,,Sequence fitness 1.00 is healthy — no variant analysis needed.,30.0,1.0,1.0,1.0,0.0384,pipeline-owner,2026-06-20T13:48:31.715348
spark_batch_job,FRC-f1cf9f47,20260525,1.025,HIGH,GREEN,STABLE,3.6,stable,3.6,3.6,stable,3.6,,,,0.0369,-0.002021,0.156,0.0329,1.0005,0.869,False,,Sequence fitness 1.00 is healthy — no variant analysis needed.,30.0,1.0,1.05,1.0,0.0369,pipeline-owner,2026-06-20T13:48:31.741883
stress_test_scenario,FRC-9e0824ef,20260525,1.025,HIGH,GREEN,INTERMITTENT,2.5,stable,2.5,2.5,stable,2.5,,,,0.3216,0.002706,0.6,0.003,0.8346,0.425,False,,Sequence fitness 1.00 is healthy — no variant analysis needed.,30.0,1.0,1.05,1.0,0.3216,platform-infrastructure,2026-06-20T13:48:31.767514
transaction_screening,FRC-47ba874a,20260525,1.0,HIGH,GREEN,STABLE,5.0,stable,5.0,5.0,stable,5.0,,,,0.0377,0.000809,0.1596,0.003,0.9995,0.8654,False,,Sequence fitness 1.00 is healthy — no variant analysis needed.,30.0,1.0,1.0,1.0,0.0377,pipeline-owner,2026-06-20T13:48:31.819014
var_batch_processing,FRC-94e2dc53,20260525,1.0,HIGH,GREEN,STABLE,4.5,stable,4.5,4.5,stable,4.5,,,,0.0311,0.000659,0.1749,-0.0102,1.0035,0.8501,False,,Sequence fitness 1.00 is healthy — no variant analysis needed.,30.0,1.0,1.0,1.0,0.0311,pipeline-owner,2026-06-20T13:48:31.845815
collateral_valuation,FRC-0cb5fb6e,20260526,1.025,HIGH,GREEN,STABLE,9.4,stable,9.4,9.4,stable,9.4,,,,0.0312,-0.001986,0.1594,0.2649,1.0048,0.8656,False,,Sequence fitness 1.00 is healthy — no variant analysis needed.,30.0,1.0,1.05,1.0,0.0312,pipeline-owner,2026-06-20T13:48:31.877514
customer_risk_features,FRC-4aa3678b,20260526,0.8717,HIGH,RED,INTERMITTENT,2.6,stable,2.6,2.6,stable,2.6,,,,0.3009,-0.000201,0.6,-0.0207,0.8362,0.425,False,,Sequence fitness 1.00 is healthy — no variant analysis needed.,30.0,1.0,0.7434,1.0,0.3009,platform-infrastructure,2026-06-20T13:48:31.903787
dbt_model_runner,FRC-ed2958aa,20260526,1.025,HIGH,GREEN,DRIFTING,14.8,stable,14.8,14.8,stable,14.8,,,,0.0435,-0.003548,0.1536,0.2755,0.9951,0.8714,False,,Sequence fitness 1.00 is healthy — no variant analysis needed.,30.0,1.0,1.05,1.0,0.0435,pipeline-owner,2026-06-20T13:48:31.932086
delta_vacuum_runner,FRC-e23ba970,20260526,1.0,HIGH,GREEN,INTERMITTENT,1.2,stable,1.2,1.2,stable,1.2,,,,0.2142,-0.000878,0.6,0.0223,0.9254,0.425,False,,Sequence fitness 1.00 is healthy — no variant analysis needed.,30.0,1.0,1.0,1.0,0.2143,platform-infrastructure,2026-06-20T13:48:31.967147
etl_daily_transform,FRC-4052a9d3,20260526,1.025,HIGH,GREEN,STABLE,4.3,stable,4.3,4.3,stable,4.3,,,,0.0193,0.000104,0.1044,0.0028,1.0047,0.9206,False,,Sequence fitness 1.00 is healthy — no variant analysis needed.,30.0,1.0,1.05,1.0,0.0193,pipeline-owner,2026-06-20T13:48:32.000386
feature_store_refresh,FRC-034a3f56,20260526,1.0,HIGH,GREEN,INTERMITTENT,0.1,stable,0.1,0.1,stable,0.1,,,,0.3027,-0.002024,0.6,-0.0244,0.8474,0.425,False,,Sequence fitness 1.00 is healthy — no variant analysis needed.,30.0,1.0,1.0,1.0,0.3027,platform-infrastructure,2026-06-20T13:48:32.029562
feature_validation_job,FRC-c1f86d79,20260526,1.0,HIGH,GREEN,STABLE,5.3,stable,5.3,5.3,stable,5.3,,,,0.0346,-6e-05,0.1522,-0.0055,1.0047,0.8728,False,,Sequence fitness 1.00 is healthy — no variant analysis needed.,30.0,1.0,1.0,1.0,0.0346,pipeline-owner,2026-06-20T13:48:32.053191
fx_rate_ingestion,FRC-a24407bf,20260526,1.025,HIGH,GREEN,STABLE,4.1,stable,4.1,4.1,stable,4.1,,,,0.0316,-0.001066,0.1621,-0.0078,1.0021,0.8629,False,,Sequence fitness 1.00 is healthy — no variant analysis needed.,30.0,1.0,1.05,1.0,0.0316,pipeline-owner,2026-06-20T13:48:32.076843
grid_corehours_calc,FRC-0f6b3c37,20260526,1.025,HIGH,GREEN,STABLE,5.4,stable,5.4,5.4,stable,5.4,,,,0.0323,-0.002117,0.1679,0.0871,1.0045,0.8571,False,,Sequence fitness 1.00 is healthy — no variant analysis needed.,30.0,1.0,1.05,1.0,0.0323,pipeline-owner,2026-06-20T13:48:32.104566
hdfs_replication_check,FRC-f4376f26,20260526,1.025,HIGH,GREEN,STABLE,3.4,stable,3.4,3.4,stable,3.4,,,,0.0364,-0.002257,0.1604,0.0697,1.0033,0.8646,False,,Sequence fitness 1.00 is healthy — no variant analysis needed.,30.0,1.0,1.05,1.0,0.0364,pipeline-owner,2026-06-20T13:48:32.139119
inference_batch_scoring,FRC-43dc1c4e,20260526,1.025,HIGH,GREEN,STABLE,20.8,stable,20.8,20.8,stable,20.8,,,,0.033,0.000738,0.1602,0.2409,0.9969,0.8648,False,,Sequence fitness 1.00 is healthy — no variant analysis needed.,30.0,1.0,1.05,1.0,0.033,pipeline-owner,2026-06-20T13:48:32.169348
kafka_compaction_job,FRC-f2a9dc32,20260526,1.025,HIGH,GREEN,STABLE,4.9,stable,4.9,4.9,stable,4.9,,,,0.0395,-0.000566,0.1538,-0.0228,0.9984,0.8712,False,,Sequence fitness 1.00 is healthy — no variant analysis needed.,30.0,1.0,1.05,1.0,0.0395,pipeline-owner,2026-06-20T13:48:32.194004
lgd_calculation_daily,FRC-9455f754,20260526,1.0,HIGH,GREEN,STABLE,4.2,stable,4.2,4.2,stable,4.2,,,,0.0267,9.2e-05,0.134,-0.0077,1.0051,0.891,False,,Sequence fitness 1.00 is healthy — no variant analysis needed.,30.0,1.0,1.0,1.0,0.0267,pipeline-owner,2026-06-20T13:48:32.218049
liquidity_reporting,FRC-140ac563,20260526,1.0,HIGH,GREEN,STABLE,30.1,stable,30.1,30.1,stable,30.1,,,,0.0286,0.000573,0.1104,0.0953,1.0027,0.9146,False,,Sequence fitness 1.00 is healthy — no variant analysis needed.,30.0,1.0,1.0,1.0,0.0286,pipeline-owner,2026-06-20T13:48:32.241872
mifid_trade_reporting,FRC-a9ecb086,20260526,1.025,HIGH,GREEN,STABLE,16.4,stable,16.4,16.4,stable,16.4,,,,0.0165,0.000289,0.0607,0.0293,1.0095,0.9643,False,,Sequence fitness 1.00 is healthy — no variant analysis needed.,30.0,1.0,1.05,1.0,0.0165,pipeline-owner,2026-06-20T13:48:32.275855
model_training_pipeline,FRC-1147b324,20260526,1.0,HIGH,GREEN,STABLE,1.3,stable,1.3,1.3,stable,1.3,,,,0.0322,-0.001033,0.1776,-0.0317,1.0058,0.8474,False,,Sequence fitness 1.00 is healthy — no variant analysis needed.,30.0,1.0,1.0,1.0,0.0322,pipeline-owner,2026-06-20T13:48:32.302869
payment_reconciliation,FRC-0eecd6a1,20260526,1.0,HIGH,GREEN,STABLE,5.4,stable,5.4,5.4,stable,5.4,,,,0.0354,-0.002204,0.1662,0.0273,1.0046,0.8588,False,,Sequence fitness 1.00 is healthy — no variant analysis needed.,30.0,1.0,1.0,1.0,0.0354,pipeline-owner,2026-06-20T13:48:32.328070
payment_settlements_daily,FRC-90d4a831,20260526,1.0,HIGH,GREEN,STABLE,5.9,stable,5.9,5.9,stable,5.9,,,,0.0406,0.000965,0.1552,0.0094,0.9953,0.8698,False,,Sequence fitness 1.00 is healthy — no variant analysis needed.,30.0,1.0,1.0,1.0,0.0406,pipeline-owner,2026-06-20T13:48:32.352388
pd_model_batch,FRC-a3830df0,20260526,1.025,HIGH,GREEN,STABLE,3.4,stable,3.4,3.4,stable,3.4,,,,0.0312,-0.001829,0.1641,0.0889,1.0052,0.8609,False,,Sequence fitness 1.00 is healthy — no variant analysis needed.,30.0,1.0,1.05,1.0,0.0312,pipeline-owner,2026-06-20T13:48:32.375716
positions_sftp_ingest,FRC-1f0703ba,20260526,1.025,HIGH,GREEN,STABLE,15.4,stable,15.4,15.4,stable,15.4,,,,0.0214,-0.001806,0.085,0.4169,1.0086,0.94,False,,Sequence fitness 1.00 is healthy — no variant analysis needed.,30.0,1.0,1.05,1.0,0.0214,pipeline-owner,2026-06-20T13:48:32.399493
raw_ingestion_pipeline,FRC-44ed2010,20260526,1.025,HIGH,GREEN,STABLE,4.9,stable,4.9,4.9,stable,4.9,,,,0.0176,4.5e-05,0.0756,-0.0066,1.005,0.9494,False,,Sequence fitness 1.00 is healthy — no variant analysis needed.,30.0,1.0,1.05,1.0,0.0176,pipeline-owner,2026-06-20T13:48:32.423061
regulatory_batch_dnb,FRC-b1e6b70a,20260526,1.025,HIGH,GREEN,STABLE,4.9,stable,4.9,4.9,stable,4.9,,,,0.0384,7.5e-05,0.1572,0.0015,0.9966,0.8678,False,,Sequence fitness 1.00 is healthy — no variant analysis needed.,30.0,1.0,1.05,1.0,0.0384,pipeline-owner,2026-06-20T13:48:32.448686
spark_batch_job,FRC-f1cf9f47,20260526,1.025,HIGH,GREEN,STABLE,3.0,stable,3.0,3.0,stable,3.0,,,,0.0369,-0.002021,0.156,0.0329,1.0005,0.869,False,,Sequence fitness 1.00 is healthy — no variant analysis needed.,30.0,1.0,1.05,1.0,0.0369,pipeline-owner,2026-06-20T13:48:32.471846
stress_test_scenario,FRC-9e0824ef,20260526,0.425,UNRELIABLE,RED,INTERMITTENT,,,,,,,,,,0.3216,0.002706,0.6,0.003,0.8346,0.425,False,,Variant comparison skipped: 0% trace completeness at grain='pipeline'. Low completeness at this grain level suggests row sampling rather than trace sampling. See deviations for the fix.,30.0,0.5,0.5,0.0,0.3216,platform-infrastructure,2026-06-20T13:48:32.490003
transaction_screening,FRC-47ba874a,20260526,1.025,HIGH,GREEN,STABLE,5.5,stable,5.5,5.5,stable,5.5,,,,0.0377,0.000809,0.1596,0.003,0.9995,0.8654,False,,Sequence fitness 1.00 is healthy — no variant analysis needed.,30.0,1.0,1.05,1.0,0.0377,pipeline-owner,2026-06-20T13:48:32.534241
var_batch_processing,FRC-94e2dc53,20260526,1.0,HIGH,GREEN,STABLE,4.4,stable,4.4,4.4,stable,4.4,,,,0.0311,0.000659,0.1749,-0.0102,1.0035,0.8501,False,,Sequence fitness 1.00 is healthy — no variant analysis needed.,30.0,1.0,1.0,1.0,0.0311,pipeline-owner,2026-06-20T13:48:32.556055
collateral_valuation,FRC-0cb5fb6e,20260527,1.0,HIGH,GREEN,STABLE,12.3,stable,12.3,12.3,stable,12.3,,,,0.0312,-0.001986,0.1594,0.2649,1.0048,0.8656,False,,Sequence fitness 1.00 is healthy — no variant analysis needed.,30.0,1.0,1.0,1.0,0.0312,pipeline-owner,2026-06-20T13:48:32.579569
customer_risk_features,FRC-4aa3678b,20260527,1.0,HIGH,GREEN,INTERMITTENT,2.4,stable,2.4,2.4,stable,2.4,,,,0.3009,-0.000201,0.6,-0.0207,0.8362,0.425,False,,Sequence fitness 1.00 is healthy — no variant analysis needed.,30.0,1.0,1.0,1.0,0.3009,platform-infrastructure,2026-06-20T13:48:32.606433
dbt_model_runner,FRC-ed2958aa,20260527,1.025,HIGH,GREEN,DRIFTING,17.7,stable,17.7,17.7,stable,17.7,,,,0.0435,-0.003548,0.1536,0.2755,0.9951,0.8714,False,,Sequence fitness 1.00 is healthy — no variant analysis needed.,30.0,1.0,1.05,1.0,0.0435,pipeline-owner,2026-06-20T13:48:32.634576
delta_vacuum_runner,FRC-e23ba970,20260527,1.025,HIGH,GREEN,INTERMITTENT,0.7,stable,0.7,0.7,stable,0.7,,,,0.2142,-0.000878,0.6,0.0223,0.9254,0.425,False,,Sequence fitness 1.00 is healthy — no variant analysis needed.,30.0,1.0,1.05,1.0,0.2143,platform-infrastructure,2026-06-20T13:48:32.658025
etl_daily_transform,FRC-4052a9d3,20260527,1.0,HIGH,GREEN,STABLE,4.8,stable,4.8,4.8,stable,4.8,,,,0.0193,0.000104,0.1044,0.0028,1.0047,0.9206,False,,Sequence fitness 1.00 is healthy — no variant analysis needed.,30.0,1.0,1.0,1.0,0.0193,pipeline-owner,2026-06-20T13:48:32.682497
feature_store_refresh,FRC-034a3f56,20260527,1.025,HIGH,GREEN,INTERMITTENT,2.0,stable,2.0,2.0,stable,2.0,,,,0.3027,-0.002024,0.6,-0.0244,0.8474,0.425,False,,Sequence fitness 1.00 is healthy — no variant analysis needed.,30.0,1.0,1.05,1.0,0.3027,platform-infrastructure,2026-06-20T13:48:32.704897
feature_validation_job,FRC-c1f86d79,20260527,1.0,HIGH,GREEN,STABLE,5.7,stable,5.7,5.7,stable,5.7,,,,0.0346,-6e-05,0.1522,-0.0055,1.0047,0.8728,False,,Sequence fitness 1.00 is healthy — no variant analysis needed.,30.0,1.0,1.0,1.0,0.0346,pipeline-owner,2026-06-20T13:48:32.728489
fx_rate_ingestion,FRC-a24407bf,20260527,1.0,HIGH,GREEN,STABLE,5.4,stable,5.4,5.4,stable,5.4,,,,0.0316,-0.001066,0.1621,-0.0078,1.0021,0.8629,False,,Sequence fitness 1.00 is healthy — no variant analysis needed.,30.0,1.0,1.0,1.0,0.0316,pipeline-owner,2026-06-20T13:48:32.751217
grid_corehours_calc,FRC-0f6b3c37,20260527,1.025,HIGH,GREEN,STABLE,5.9,stable,5.9,5.9,stable,5.9,,,,0.0323,-0.002117,0.1679,0.0871,1.0045,0.8571,False,,Sequence fitness 1.00 is healthy — no variant analysis needed.,30.0,1.0,1.05,1.0,0.0323,pipeline-owner,2026-06-20T13:48:32.773941
hdfs_replication_check,FRC-f4376f26,20260527,1.025,HIGH,GREEN,STABLE,4.7,stable,4.7,4.7,stable,4.7,,,,0.0364,-0.002257,0.1604,0.0697,1.0033,0.8646,False,,Sequence fitness 1.00 is healthy — no variant analysis needed.,30.0,1.0,1.05,1.0,0.0364,pipeline-owner,2026-06-20T13:48:32.797342
inference_batch_scoring,FRC-43dc1c4e,20260527,1.0,HIGH,GREEN,STABLE,22.0,stable,22.0,22.0,stable,22.0,,,,0.033,0.000738,0.1602,0.2409,0.9969,0.8648,False,,Sequence fitness 1.00 is healthy — no variant analysis needed.,30.0,1.0,1.0,1.0,0.033,pipeline-owner,2026-06-20T13:48:32.819646
kafka_compaction_job,FRC-f2a9dc32,20260527,1.025,HIGH,GREEN,STABLE,4.0,stable,4.0,4.0,stable,4.0,,,,0.0395,-0.000566,0.1538,-0.0228,0.9984,0.8712,False,,Sequence fitness 1.00 is healthy — no variant analysis needed.,30.0,1.0,1.05,1.0,0.0395,pipeline-owner,2026-06-20T13:48:32.842344
lgd_calculation_daily,FRC-9455f754,20260527,1.0,HIGH,GREEN,STABLE,4.4,stable,4.4,4.4,stable,4.4,,,,0.0267,9.2e-05,0.134,-0.0077,1.0051,0.891,False,,Sequence fitness 1.00 is healthy — no variant analysis needed.,30.0,1.0,1.0,1.0,0.0267,pipeline-owner,2026-06-20T13:48:32.864237
liquidity_reporting,FRC-140ac563,20260527,1.025,HIGH,GREEN,STABLE,31.0,stable,31.0,31.0,stable,31.0,,,,0.0286,0.000573,0.1104,0.0953,1.0027,0.9146,False,,Sequence fitness 1.00 is healthy — no variant analysis needed.,30.0,1.0,1.05,1.0,0.0286,pipeline-owner,2026-06-20T13:48:32.886194
mifid_trade_reporting,FRC-a9ecb086,20260527,1.025,HIGH,GREEN,STABLE,18.1,stable,18.1,18.1,stable,18.1,,,,0.0165,0.000289,0.0607,0.0293,1.0095,0.9643,False,,Sequence fitness 1.00 is healthy — no variant analysis needed.,30.0,1.0,1.05,1.0,0.0165,pipeline-owner,2026-06-20T13:48:32.908181
model_training_pipeline,FRC-1147b324,20260527,1.025,HIGH,GREEN,STABLE,4.3,stable,4.3,4.3,stable,4.3,,,,0.0322,-0.001033,0.1776,-0.0317,1.0058,0.8474,False,,Sequence fitness 1.00 is healthy — no variant analysis needed.,30.0,1.0,1.05,1.0,0.0322,pipeline-owner,2026-06-20T13:48:32.929924
payment_reconciliation,FRC-0eecd6a1,20260527,1.025,HIGH,GREEN,STABLE,3.0,stable,3.0,3.0,stable,3.0,,,,0.0354,-0.002204,0.1662,0.0273,1.0046,0.8588,False,,Sequence fitness 1.00 is healthy — no variant analysis needed.,30.0,1.0,1.05,1.0,0.0354,pipeline-owner,2026-06-20T13:48:32.951996
payment_settlements_daily,FRC-90d4a831,20260527,1.025,HIGH,GREEN,STABLE,4.1,stable,4.1,4.1,stable,4.1,,,,0.0406,0.000965,0.1552,0.0094,0.9953,0.8698,False,,Sequence fitness 1.00 is healthy — no variant analysis needed.,30.0,1.0,1.05,1.0,0.0406,pipeline-owner,2026-06-20T13:48:32.974308
pd_model_batch,FRC-a3830df0,20260527,1.025,HIGH,GREEN,STABLE,2.7,stable,2.7,2.7,stable,2.7,,,,0.0312,-0.001829,0.1641,0.0889,1.0052,0.8609,False,,Sequence fitness 1.00 is healthy — no variant analysis needed.,30.0,1.0,1.05,1.0,0.0312,pipeline-owner,2026-06-20T13:48:32.996065
positions_sftp_ingest,FRC-1f0703ba,20260527,1.025,HIGH,GREEN,STABLE,8.3,stable,8.3,8.3,stable,8.3,,,,0.0214,-0.001806,0.085,0.4169,1.0086,0.94,False,,Sequence fitness 1.00 is healthy — no variant analysis needed.,30.0,1.0,1.05,1.0,0.0214,pipeline-owner,2026-06-20T13:48:33.018314
raw_ingestion_pipeline,FRC-44ed2010,20260527,1.025,HIGH,GREEN,STABLE,5.8,stable,5.8,5.8,stable,5.8,,,,0.0176,4.5e-05,0.0756,-0.0066,1.005,0.9494,False,,Sequence fitness 1.00 is healthy — no variant analysis needed.,30.0,1.0,1.05,1.0,0.0176,pipeline-owner,2026-06-20T13:48:33.040307
regulatory_batch_dnb,FRC-b1e6b70a,20260527,1.0,HIGH,GREEN,STABLE,4.7,stable,4.7,4.7,stable,4.7,,,,0.0384,7.5e-05,0.1572,0.0015,0.9966,0.8678,False,,Sequence fitness 1.00 is healthy — no variant analysis needed.,30.0,1.0,1.0,1.0,0.0384,pipeline-owner,2026-06-20T13:48:33.062418
spark_batch_job,FRC-f1cf9f47,20260527,1.0,HIGH,GREEN,STABLE,3.4,stable,3.4,3.4,stable,3.4,,,,0.0369,-0.002021,0.156,0.0329,1.0005,0.869,False,,Sequence fitness 1.00 is healthy — no variant analysis needed.,30.0,1.0,1.0,1.0,0.0369,pipeline-owner,2026-06-20T13:48:33.085687
stress_test_scenario,FRC-9e0824ef,20260527,1.0,HIGH,GREEN,INTERMITTENT,1.4,stable,1.4,1.4,stable,1.4,,,,0.3216,0.002706,0.6,0.003,0.8346,0.425,False,,Sequence fitness 1.00 is healthy — no variant analysis needed.,30.0,1.0,1.0,1.0,0.3216,platform-infrastructure,2026-06-20T13:48:33.107368
transaction_screening,FRC-47ba874a,20260527,0.8654,HIGH,RED,STABLE,5.2,stable,5.2,5.2,stable,5.2,,,,0.0377,0.000809,0.1596,0.003,0.9995,0.8654,False,,Sequence fitness 1.00 is healthy — no variant analysis needed.,30.0,1.0,0.7309,1.0,0.0377,pipeline-owner,2026-06-20T13:48:33.155850
var_batch_processing,FRC-94e2dc53,20260527,1.025,HIGH,GREEN,STABLE,5.8,stable,5.8,5.8,stable,5.8,,,,0.0311,0.000659,0.1749,-0.0102,1.0035,0.8501,False,,Sequence fitness 1.00 is healthy — no variant analysis needed.,30.0,1.0,1.05,1.0,0.0311,pipeline-owner,2026-06-20T13:48:33.177550
collateral_valuation,FRC-0cb5fb6e,20260528,1.0,HIGH,GREEN,STABLE,9.2,stable,9.2,9.2,stable,9.2,,,,0.0312,-0.001986,0.1594,0.2649,1.0048,0.8656,False,,Sequence fitness 1.00 is healthy — no variant analysis needed.,30.0,1.0,1.0,1.0,0.0312,pipeline-owner,2026-06-20T13:48:33.200522
customer_risk_features,FRC-4aa3678b,20260528,0.425,UNRELIABLE,RED,INTERMITTENT,,,,,,,,,,0.3009,-0.000201,0.6,-0.0207,0.8362,0.425,False,,Variant comparison skipped: 0% trace completeness at grain='pipeline'. Low completeness at this grain level suggests row sampling rather than trace sampling. See deviations for the fix.,30.0,0.5,0.5,0.0,0.3009,platform-infrastructure,2026-06-20T13:48:33.218707
dbt_model_runner,FRC-ed2958aa,20260528,1.0,HIGH,GREEN,DRIFTING,15.3,stable,15.3,15.3,stable,15.3,,,,0.0435,-0.003548,0.1536,0.2755,0.9951,0.8714,False,,Sequence fitness 1.00 is healthy — no variant analysis needed.,30.0,1.0,1.0,1.0,0.0435,pipeline-owner,2026-06-20T13:48:33.240830
delta_vacuum_runner,FRC-e23ba970,20260528,1.0,HIGH,GREEN,INTERMITTENT,0.7,stable,0.7,0.7,stable,0.7,,,,0.2142,-0.000878,0.6,0.0223,0.9254,0.425,False,,Sequence fitness 1.00 is healthy — no variant analysis needed.,30.0,1.0,1.0,1.0,0.2143,platform-infrastructure,2026-06-20T13:48:33.276123
etl_daily_transform,FRC-4052a9d3,20260528,1.0,HIGH,GREEN,STABLE,5.0,stable,5.0,5.0,stable,5.0,,,,0.0193,0.000104,0.1044,0.0028,1.0047,0.9206,False,,Sequence fitness 1.00 is healthy — no variant analysis needed.,30.0,1.0,1.0,1.0,0.0193,pipeline-owner,2026-06-20T13:48:33.304702
feature_store_refresh,FRC-034a3f56,20260528,1.025,HIGH,GREEN,INTERMITTENT,1.4,stable,1.4,1.4,stable,1.4,,,,0.3027,-0.002024,0.6,-0.0244,0.8474,0.425,False,,Sequence fitness 1.00 is healthy — no variant analysis needed.,30.0,1.0,1.05,1.0,0.3027,platform-infrastructure,2026-06-20T13:48:33.327077
feature_validation_job,FRC-c1f86d79,20260528,1.025,HIGH,GREEN,STABLE,5.5,stable,5.5,5.5,stable,5.5,,,,0.0346,-6e-05,0.1522,-0.0055,1.0047,0.8728,False,,Sequence fitness 1.00 is healthy — no variant analysis needed.,30.0,1.0,1.05,1.0,0.0346,pipeline-owner,2026-06-20T13:48:33.349027
fx_rate_ingestion,FRC-a24407bf,20260528,0.958,HIGH,AMBER,STABLE,4.5,stable,4.5,4.5,stable,4.5,,,,0.0316,-0.001066,0.1621,-0.0078,1.0021,0.8629,False,,Sequence fitness 1.00 is healthy — no variant analysis needed.,30.0,1.0,0.916,1.0,0.0316,pipeline-owner,2026-06-20T13:48:33.379999
grid_corehours_calc,FRC-0f6b3c37,20260528,1.0,HIGH,GREEN,STABLE,5.0,stable,5.0,5.0,stable,5.0,,,,0.0323,-0.002117,0.1679,0.0871,1.0045,0.8571,False,,Sequence fitness 1.00 is healthy — no variant analysis needed.,30.0,1.0,1.0,1.0,0.0323,pipeline-owner,2026-06-20T13:48:33.409035
hdfs_replication_check,FRC-f4376f26,20260528,1.025,HIGH,GREEN,STABLE,5.0,stable,5.0,5.0,stable,5.0,,,,0.0364,-0.002257,0.1604,0.0697,1.0033,0.8646,False,,Sequence fitness 1.00 is healthy — no variant analysis needed.,30.0,1.0,1.05,1.0,0.0364,pipeline-owner,2026-06-20T13:48:33.443356
inference_batch_scoring,FRC-43dc1c4e,20260528,1.0,HIGH,GREEN,STABLE,24.9,stable,24.9,24.9,stable,24.9,,,,0.033,0.000738,0.1602,0.2409,0.9969,0.8648,False,,Sequence fitness 1.00 is healthy — no variant analysis needed.,30.0,1.0,1.0,1.0,0.033,pipeline-owner,2026-06-20T13:48:33.472202
kafka_compaction_job,FRC-f2a9dc32,20260528,1.0,HIGH,GREEN,STABLE,4.4,stable,4.4,4.4,stable,4.4,,,,0.0395,-0.000566,0.1538,-0.0228,0.9984,0.8712,False,,Sequence fitness 1.00 is healthy — no variant analysis needed.,30.0,1.0,1.0,1.0,0.0395,pipeline-owner,2026-06-20T13:48:33.495906
lgd_calculation_daily,FRC-9455f754,20260528,1.025,HIGH,GREEN,STABLE,4.5,stable,4.5,4.5,stable,4.5,,,,0.0267,9.2e-05,0.134,-0.0077,1.0051,0.891,False,,Sequence fitness 1.00 is healthy — no variant analysis needed.,30.0,1.0,1.05,1.0,0.0267,pipeline-owner,2026-06-20T13:48:33.522344
liquidity_reporting,FRC-140ac563,20260528,1.0,HIGH,GREEN,STABLE,34.4,stable,34.4,34.4,stable,34.4,,,,0.0286,0.000573,0.1104,0.0953,1.0027,0.9146,False,,Sequence fitness 1.00 is healthy — no variant analysis needed.,30.0,1.0,1.0,1.0,0.0286,pipeline-owner,2026-06-20T13:48:33.548400
mifid_trade_reporting,FRC-a9ecb086,20260528,1.0,HIGH,GREEN,STABLE,15.2,stable,15.2,15.2,stable,15.2,,,,0.0165,0.000289,0.0607,0.0293,1.0095,0.9643,False,,Sequence fitness 1.00 is healthy — no variant analysis needed.,30.0,1.0,1.0,1.0,0.0165,pipeline-owner,2026-06-20T13:48:33.573648
model_training_pipeline,FRC-1147b324,20260528,1.0,HIGH,GREEN,STABLE,4.4,stable,4.4,4.4,stable,4.4,,,,0.0322,-0.001033,0.1776,-0.0317,1.0058,0.8474,False,,Sequence fitness 1.00 is healthy — no variant analysis needed.,30.0,1.0,1.0,1.0,0.0322,pipeline-owner,2026-06-20T13:48:33.599245
payment_reconciliation,FRC-0eecd6a1,20260528,1.025,HIGH,GREEN,STABLE,5.1,stable,5.1,5.1,stable,5.1,,,,0.0354,-0.002204,0.1662,0.0273,1.0046,0.8588,False,,Sequence fitness 1.00 is healthy — no variant analysis needed.,30.0,1.0,1.05,1.0,0.0354,pipeline-owner,2026-06-20T13:48:33.622243
payment_settlements_daily,FRC-90d4a831,20260528,0.9476,HIGH,AMBER,STABLE,4.2,stable,4.2,4.2,stable,4.2,,,,0.0406,0.000965,0.1552,0.0094,0.9953,0.8698,False,,Sequence fitness 1.00 is healthy — no variant analysis needed.,30.0,1.0,0.8953,1.0,0.0406,pipeline-owner,2026-06-20T13:48:33.644387
pd_model_batch,FRC-a3830df0,20260528,1.025,HIGH,GREEN,STABLE,3.6,stable,3.6,3.6,stable,3.6,,,,0.0312,-0.001829,0.1641,0.0889,1.0052,0.8609,False,,Sequence fitness 1.00 is healthy — no variant analysis needed.,30.0,1.0,1.05,1.0,0.0312,pipeline-owner,2026-06-20T13:48:33.666725
positions_sftp_ingest,FRC-1f0703ba,20260528,1.025,HIGH,GREEN,STABLE,9.7,stable,9.7,9.7,stable,9.7,,,,0.0214,-0.001806,0.085,0.4169,1.0086,0.94,False,,Sequence fitness 1.00 is healthy — no variant analysis needed.,30.0,1.0,1.05,1.0,0.0214,pipeline-owner,2026-06-20T13:48:33.689175
raw_ingestion_pipeline,FRC-44ed2010,20260528,1.0,HIGH,GREEN,STABLE,5.0,stable,5.0,5.0,stable,5.0,,,,0.0176,4.5e-05,0.0756,-0.0066,1.005,0.9494,False,,Sequence fitness 1.00 is healthy — no variant analysis needed.,30.0,1.0,1.0,1.0,0.0176,pipeline-owner,2026-06-20T13:48:33.711684
regulatory_batch_dnb,FRC-b1e6b70a,20260528,1.0,HIGH,GREEN,STABLE,4.3,stable,4.3,4.3,stable,4.3,,,,0.0384,7.5e-05,0.1572,0.0015,0.9966,0.8678,False,,Sequence fitness 1.00 is healthy — no variant analysis needed.,30.0,1.0,1.0,1.0,0.0384,pipeline-owner,2026-06-20T13:48:33.738264
spark_batch_job,FRC-f1cf9f47,20260528,1.0,HIGH,GREEN,STABLE,4.9,stable,4.9,4.9,stable,4.9,,,,0.0369,-0.002021,0.156,0.0329,1.0005,0.869,False,,Sequence fitness 1.00 is healthy — no variant analysis needed.,30.0,1.0,1.0,1.0,0.0369,pipeline-owner,2026-06-20T13:48:33.767757
stress_test_scenario,FRC-9e0824ef,20260528,0.425,UNRELIABLE,RED,INTERMITTENT,,,,,,,,,,0.3216,0.002706,0.6,0.003,0.8346,0.425,False,,Variant comparison skipped: 0% trace completeness at grain='pipeline'. Low completeness at this grain level suggests row sampling rather than trace sampling. See deviations for the fix.,30.0,0.5,0.5,0.0,0.3216,platform-infrastructure,2026-06-20T13:48:33.785732
transaction_screening,FRC-47ba874a,20260528,0.9812,HIGH,AMBER,STABLE,4.0,stable,4.0,4.0,stable,4.0,,,,0.0377,0.000809,0.1596,0.003,0.9995,0.8654,False,,Sequence fitness 1.00 is healthy — no variant analysis needed.,30.0,1.0,0.9623,1.0,0.0377,pipeline-owner,2026-06-20T13:48:33.830722
var_batch_processing,FRC-94e2dc53,20260528,0.8501,HIGH,RED,STABLE,1.6,stable,1.6,1.6,stable,1.6,,,,0.0311,0.000659,0.1749,-0.0102,1.0035,0.8501,False,,Sequence fitness 1.00 is healthy — no variant analysis needed.,30.0,1.0,0.7002,1.0,0.0311,pipeline-owner,2026-06-20T13:48:33.855876
collateral_valuation,FRC-0cb5fb6e,20260529,1.025,HIGH,GREEN,STABLE,16.6,stable,16.6,16.6,stable,16.6,,,,0.0312,-0.001986,0.1594,0.2649,1.0048,0.8656,False,,Sequence fitness 1.00 is healthy — no variant analysis needed.,30.0,1.0,1.05,1.0,0.0312,pipeline-owner,2026-06-20T13:48:33.880806
customer_risk_features,FRC-4aa3678b,20260529,1.025,HIGH,GREEN,INTERMITTENT,1.2,stable,1.2,1.2,stable,1.2,,,,0.3009,-0.000201,0.6,-0.0207,0.8362,0.425,False,,Sequence fitness 1.00 is healthy — no variant analysis needed.,30.0,1.0,1.05,1.0,0.3009,platform-infrastructure,2026-06-20T13:48:33.908088
dbt_model_runner,FRC-ed2958aa,20260529,1.025,HIGH,GREEN,DRIFTING,18.7,stable,18.7,18.7,stable,18.7,,,,0.0435,-0.003548,0.1536,0.2755,0.9951,0.8714,False,,Sequence fitness 1.00 is healthy — no variant analysis needed.,30.0,1.0,1.05,1.0,0.0435,pipeline-owner,2026-06-20T13:48:33.930257
delta_vacuum_runner,FRC-e23ba970,20260529,1.0,HIGH,GREEN,INTERMITTENT,3.2,stable,3.2,3.2,stable,3.2,,,,0.2142,-0.000878,0.6,0.0223,0.9254,0.425,False,,Sequence fitness 1.00 is healthy — no variant analysis needed.,30.0,1.0,1.0,1.0,0.2143,platform-infrastructure,2026-06-20T13:48:33.952167
etl_daily_transform,FRC-4052a9d3,20260529,1.025,HIGH,GREEN,STABLE,4.8,stable,4.8,4.8,stable,4.8,,,,0.0193,0.000104,0.1044,0.0028,1.0047,0.9206,False,,Sequence fitness 1.00 is healthy — no variant analysis needed.,30.0,1.0,1.05,1.0,0.0193,pipeline-owner,2026-06-20T13:48:33.975597
feature_store_refresh,FRC-034a3f56,20260529,1.0,HIGH,GREEN,INTERMITTENT,1.8,stable,1.8,1.8,stable,1.8,,,,0.3027,-0.002024,0.6,-0.0244,0.8474,0.425,False,,Sequence fitness 1.00 is healthy — no variant analysis needed.,30.0,1.0,1.0,1.0,0.3027,platform-infrastructure,2026-06-20T13:48:33.997991
feature_validation_job,FRC-c1f86d79,20260529,1.025,HIGH,GREEN,STABLE,5.4,stable,5.4,5.4,stable,5.4,,,,0.0346,-6e-05,0.1522,-0.0055,1.0047,0.8728,False,,Sequence fitness 1.00 is healthy — no variant analysis needed.,30.0,1.0,1.05,1.0,0.0346,pipeline-owner,2026-06-20T13:48:34.024701
fx_rate_ingestion,FRC-a24407bf,20260529,1.025,HIGH,GREEN,STABLE,5.8,stable,5.8,5.8,stable,5.8,,,,0.0316,-0.001066,0.1621,-0.0078,1.0021,0.8629,False,,Sequence fitness 1.00 is healthy — no variant analysis needed.,30.0,1.0,1.05,1.0,0.0316,pipeline-owner,2026-06-20T13:48:34.049464
grid_corehours_calc,FRC-0f6b3c37,20260529,1.025,HIGH,GREEN,STABLE,5.6,stable,5.6,5.6,stable,5.6,,,,0.0323,-0.002117,0.1679,0.0871,1.0045,0.8571,False,,Sequence fitness 1.00 is healthy — no variant analysis needed.,30.0,1.0,1.05,1.0,0.0323,pipeline-owner,2026-06-20T13:48:34.074860
hdfs_replication_check,FRC-f4376f26,20260529,1.025,HIGH,GREEN,STABLE,5.7,stable,5.7,5.7,stable,5.7,,,,0.0364,-0.002257,0.1604,0.0697,1.0033,0.8646,False,,Sequence fitness 1.00 is healthy — no variant analysis needed.,30.0,1.0,1.05,1.0,0.0364,pipeline-owner,2026-06-20T13:48:34.097199
inference_batch_scoring,FRC-43dc1c4e,20260529,1.025,HIGH,GREEN,STABLE,24.6,stable,24.6,24.6,stable,24.6,,,,0.033,0.000738,0.1602,0.2409,0.9969,0.8648,False,,Sequence fitness 1.00 is healthy — no variant analysis needed.,30.0,1.0,1.05,1.0,0.033,pipeline-owner,2026-06-20T13:48:34.119145
kafka_compaction_job,FRC-f2a9dc32,20260529,1.025,HIGH,GREEN,STABLE,5.9,stable,5.9,5.9,stable,5.9,,,,0.0395,-0.000566,0.1538,-0.0228,0.9984,0.8712,False,,Sequence fitness 1.00 is healthy — no variant analysis needed.,30.0,1.0,1.05,1.0,0.0395,pipeline-owner,2026-06-20T13:48:34.141080
lgd_calculation_daily,FRC-9455f754,20260529,0.891,HIGH,AMBER,STABLE,4.6,stable,4.6,4.6,stable,4.6,,,,0.0267,9.2e-05,0.134,-0.0077,1.0051,0.891,False,,Sequence fitness 1.00 is healthy — no variant analysis needed.,30.0,1.0,0.7819,1.0,0.0267,pipeline-owner,2026-06-20T13:48:34.163488
liquidity_reporting,FRC-140ac563,20260529,1.0,HIGH,GREEN,STABLE,35.6,stable,35.6,35.6,stable,35.6,,,,0.0286,0.000573,0.1104,0.0953,1.0027,0.9146,False,,Sequence fitness 1.00 is healthy — no variant analysis needed.,30.0,1.0,1.0,1.0,0.0286,pipeline-owner,2026-06-20T13:48:34.186283
mifid_trade_reporting,FRC-a9ecb086,20260529,1.025,HIGH,GREEN,STABLE,16.1,stable,16.1,16.1,stable,16.1,,,,0.0165,0.000289,0.0607,0.0293,1.0095,0.9643,False,,Sequence fitness 1.00 is healthy — no variant analysis needed.,30.0,1.0,1.05,1.0,0.0165,pipeline-owner,2026-06-20T13:48:34.208332
model_training_pipeline,FRC-1147b324,20260529,0.9988,HIGH,AMBER,STABLE,5.1,stable,5.1,5.1,stable,5.1,,,,0.0322,-0.001033,0.1776,-0.0317,1.0058,0.8474,False,,Sequence fitness 1.00 is healthy — no variant analysis needed.,30.0,1.0,0.9976,1.0,0.0322,pipeline-owner,2026-06-20T13:48:34.230101
payment_reconciliation,FRC-0eecd6a1,20260529,1.025,HIGH,GREEN,STABLE,3.0,stable,3.0,3.0,stable,3.0,,,,0.0354,-0.002204,0.1662,0.0273,1.0046,0.8588,False,,Sequence fitness 1.00 is healthy — no variant analysis needed.,30.0,1.0,1.05,1.0,0.0354,pipeline-owner,2026-06-20T13:48:34.251763
payment_settlements_daily,FRC-90d4a831,20260529,1.0,HIGH,GREEN,STABLE,4.2,stable,4.2,4.2,stable,4.2,,,,0.0406,0.000965,0.1552,0.0094,0.9953,0.8698,False,,Sequence fitness 1.00 is healthy — no variant analysis needed.,30.0,1.0,1.0,1.0,0.0406,pipeline-owner,2026-06-20T13:48:34.274002
pd_model_batch,FRC-a3830df0,20260529,1.025,HIGH,GREEN,STABLE,4.2,stable,4.2,4.2,stable,4.2,,,,0.0312,-0.001829,0.1641,0.0889,1.0052,0.8609,False,,Sequence fitness 1.00 is healthy — no variant analysis needed.,30.0,1.0,1.05,1.0,0.0312,pipeline-owner,2026-06-20T13:48:34.295707
positions_sftp_ingest,FRC-1f0703ba,20260529,1.025,HIGH,GREEN,STABLE,9.7,stable,9.7,9.7,stable,9.7,,,,0.0214,-0.001806,0.085,0.4169,1.0086,0.94,False,,Sequence fitness 1.00 is healthy — no variant analysis needed.,30.0,1.0,1.05,1.0,0.0214,pipeline-owner,2026-06-20T13:48:34.317633
raw_ingestion_pipeline,FRC-44ed2010,20260529,1.0,HIGH,GREEN,STABLE,6.0,stable,6.0,6.0,stable,6.0,,,,0.0176,4.5e-05,0.0756,-0.0066,1.005,0.9494,False,,Sequence fitness 1.00 is healthy — no variant analysis needed.,30.0,1.0,1.0,1.0,0.0176,pipeline-owner,2026-06-20T13:48:34.339289
regulatory_batch_dnb,FRC-b1e6b70a,20260529,1.025,HIGH,GREEN,STABLE,4.3,stable,4.3,4.3,stable,4.3,,,,0.0384,7.5e-05,0.1572,0.0015,0.9966,0.8678,False,,Sequence fitness 1.00 is healthy — no variant analysis needed.,30.0,1.0,1.05,1.0,0.0384,pipeline-owner,2026-06-20T13:48:34.360863
spark_batch_job,FRC-f1cf9f47,20260529,1.0,HIGH,GREEN,STABLE,5.5,stable,5.5,5.5,stable,5.5,,,,0.0369,-0.002021,0.156,0.0329,1.0005,0.869,False,,Sequence fitness 1.00 is healthy — no variant analysis needed.,30.0,1.0,1.0,1.0,0.0369,pipeline-owner,2026-06-20T13:48:34.386498
stress_test_scenario,FRC-9e0824ef,20260529,1.025,HIGH,GREEN,INTERMITTENT,2.1,stable,2.1,2.1,stable,2.1,,,,0.3216,0.002706,0.6,0.003,0.8346,0.425,False,,Sequence fitness 1.00 is healthy — no variant analysis needed.,30.0,1.0,1.05,1.0,0.3216,platform-infrastructure,2026-06-20T13:48:34.414322
transaction_screening,FRC-47ba874a,20260529,1.025,HIGH,GREEN,STABLE,4.2,stable,4.2,4.2,stable,4.2,,,,0.0377,0.000809,0.1596,0.003,0.9995,0.8654,False,,Sequence fitness 1.00 is healthy — no variant analysis needed.,30.0,1.0,1.05,1.0,0.0377,pipeline-owner,2026-06-20T13:48:34.462622
var_batch_processing,FRC-94e2dc53,20260529,0.992,HIGH,AMBER,STABLE,4.0,stable,4.0,4.0,stable,4.0,,,,0.0311,0.000659,0.1749,-0.0102,1.0035,0.8501,False,,Sequence fitness 1.00 is healthy — no variant analysis needed.,30.0,1.0,0.984,1.0,0.0311,pipeline-owner,2026-06-20T13:48:34.484591
collateral_valuation,FRC-0cb5fb6e,20260530,1.025,HIGH,GREEN,STABLE,13.9,stable,13.9,13.9,stable,13.9,,,,0.0312,-0.001986,0.1594,0.2649,1.0048,0.8656,False,,Sequence fitness 1.00 is healthy — no variant analysis needed.,30.0,1.0,1.05,1.0,0.0312,pipeline-owner,2026-06-20T13:48:34.511431
customer_risk_features,FRC-4aa3678b,20260530,0.9226,HIGH,AMBER,INTERMITTENT,0.4,stable,0.4,0.4,stable,0.4,,,,0.3009,-0.000201,0.6,-0.0207,0.8362,0.425,False,,Sequence fitness 1.00 is healthy — no variant analysis needed.,30.0,1.0,0.8453,1.0,0.3009,platform-infrastructure,2026-06-20T13:48:34.533755
dbt_model_runner,FRC-ed2958aa,20260530,1.0,HIGH,GREEN,DRIFTING,16.7,stable,16.7,16.7,stable,16.7,,,,0.0435,-0.003548,0.1536,0.2755,0.9951,0.8714,False,,Sequence fitness 1.00 is healthy — no variant analysis needed.,30.0,1.0,1.0,1.0,0.0435,pipeline-owner,2026-06-20T13:48:34.558139
delta_vacuum_runner,FRC-e23ba970,20260530,1.0,HIGH,GREEN,INTERMITTENT,1.4,stable,1.4,1.4,stable,1.4,,,,0.2142,-0.000878,0.6,0.0223,0.9254,0.425,False,,Sequence fitness 1.00 is healthy — no variant analysis needed.,30.0,1.0,1.0,1.0,0.2143,platform-infrastructure,2026-06-20T13:48:34.580847
etl_daily_transform,FRC-4052a9d3,20260530,1.0,HIGH,GREEN,STABLE,4.6,stable,4.6,4.6,stable,4.6,,,,0.0193,0.000104,0.1044,0.0028,1.0047,0.9206,False,,Sequence fitness 1.00 is healthy — no variant analysis needed.,30.0,1.0,1.0,1.0,0.0193,pipeline-owner,2026-06-20T13:48:34.603453
feature_store_refresh,FRC-034a3f56,20260530,0.425,UNRELIABLE,RED,INTERMITTENT,,,,,,,,,,0.3027,-0.002024,0.6,-0.0244,0.8474,0.425,False,,Variant comparison skipped: 0% trace completeness at grain='pipeline'. Low completeness at this grain level suggests row sampling rather than trace sampling. See deviations for the fix.,30.0,0.5,0.5,0.0,0.3027,platform-infrastructure,2026-06-20T13:48:34.620955
feature_validation_job,FRC-c1f86d79,20260530,1.025,HIGH,GREEN,STABLE,4.0,stable,4.0,4.0,stable,4.0,,,,0.0346,-6e-05,0.1522,-0.0055,1.0047,0.8728,False,,Sequence fitness 1.00 is healthy — no variant analysis needed.,30.0,1.0,1.05,1.0,0.0346,pipeline-owner,2026-06-20T13:48:34.643399
fx_rate_ingestion,FRC-a24407bf,20260530,1.025,HIGH,GREEN,STABLE,5.6,stable,5.6,5.6,stable,5.6,,,,0.0316,-0.001066,0.1621,-0.0078,1.0021,0.8629,False,,Sequence fitness 1.00 is healthy — no variant analysis needed.,30.0,1.0,1.05,1.0,0.0316,pipeline-owner,2026-06-20T13:48:34.665254
grid_corehours_calc,FRC-0f6b3c37,20260530,1.025,HIGH,GREEN,STABLE,3.8,stable,3.8,3.8,stable,3.8,,,,0.0323,-0.002117,0.1679,0.0871,1.0045,0.8571,False,,Sequence fitness 1.00 is healthy — no variant analysis needed.,30.0,1.0,1.05,1.0,0.0323,pipeline-owner,2026-06-20T13:48:34.686650
hdfs_replication_check,FRC-f4376f26,20260530,1.025,HIGH,GREEN,STABLE,4.3,stable,4.3,4.3,stable,4.3,,,,0.0364,-0.002257,0.1604,0.0697,1.0033,0.8646,False,,Sequence fitness 1.00 is healthy — no variant analysis needed.,30.0,1.0,1.05,1.0,0.0364,pipeline-owner,2026-06-20T13:48:34.708891
inference_batch_scoring,FRC-43dc1c4e,20260530,1.0,HIGH,GREEN,STABLE,24.8,stable,24.8,24.8,stable,24.8,,,,0.033,0.000738,0.1602,0.2409,0.9969,0.8648,False,,Sequence fitness 1.00 is healthy — no variant analysis needed.,30.0,1.0,1.0,1.0,0.033,pipeline-owner,2026-06-20T13:48:34.730581
kafka_compaction_job,FRC-f2a9dc32,20260530,1.0,HIGH,GREEN,STABLE,5.0,stable,5.0,5.0,stable,5.0,,,,0.0395,-0.000566,0.1538,-0.0228,0.9984,0.8712,False,,Sequence fitness 1.00 is healthy — no variant analysis needed.,30.0,1.0,1.0,1.0,0.0395,pipeline-owner,2026-06-20T13:48:34.752428
lgd_calculation_daily,FRC-9455f754,20260530,1.0,HIGH,GREEN,STABLE,5.7,stable,5.7,5.7,stable,5.7,,,,0.0267,9.2e-05,0.134,-0.0077,1.0051,0.891,False,,Sequence fitness 1.00 is healthy — no variant analysis needed.,30.0,1.0,1.0,1.0,0.0267,pipeline-owner,2026-06-20T13:48:34.775650
liquidity_reporting,FRC-140ac563,20260530,1.0,HIGH,GREEN,STABLE,31.7,stable,31.7,31.7,stable,31.7,,,,0.0286,0.000573,0.1104,0.0953,1.0027,0.9146,False,,Sequence fitness 1.00 is healthy — no variant analysis needed.,30.0,1.0,1.0,1.0,0.0286,pipeline-owner,2026-06-20T13:48:34.799397
mifid_trade_reporting,FRC-a9ecb086,20260530,1.0,HIGH,GREEN,STABLE,17.2,stable,17.2,17.2,stable,17.2,,,,0.0165,0.000289,0.0607,0.0293,1.0095,0.9643,False,,Sequence fitness 1.00 is healthy — no variant analysis needed.,30.0,1.0,1.0,1.0,0.0165,pipeline-owner,2026-06-20T13:48:34.823506
model_training_pipeline,FRC-1147b324,20260530,1.0,HIGH,GREEN,STABLE,4.1,stable,4.1,4.1,stable,4.1,,,,0.0322,-0.001033,0.1776,-0.0317,1.0058,0.8474,False,,Sequence fitness 1.00 is healthy — no variant analysis needed.,30.0,1.0,1.0,1.0,0.0322,pipeline-owner,2026-06-20T13:48:34.847612
payment_reconciliation,FRC-0eecd6a1,20260530,1.0,HIGH,GREEN,STABLE,5.9,stable,5.9,5.9,stable,5.9,,,,0.0354,-0.002204,0.1662,0.0273,1.0046,0.8588,False,,Sequence fitness 1.00 is healthy — no variant analysis needed.,30.0,1.0,1.0,1.0,0.0354,pipeline-owner,2026-06-20T13:48:34.872350
payment_settlements_daily,FRC-90d4a831,20260530,1.025,HIGH,GREEN,STABLE,4.8,stable,4.8,4.8,stable,4.8,,,,0.0406,0.000965,0.1552,0.0094,0.9953,0.8698,False,,Sequence fitness 1.00 is healthy — no variant analysis needed.,30.0,1.0,1.05,1.0,0.0406,pipeline-owner,2026-06-20T13:48:34.896529
pd_model_batch,FRC-a3830df0,20260530,1.025,HIGH,GREEN,STABLE,3.0,stable,3.0,3.0,stable,3.0,,,,0.0312,-0.001829,0.1641,0.0889,1.0052,0.8609,False,,Sequence fitness 1.00 is healthy — no variant analysis needed.,30.0,1.0,1.05,1.0,0.0312,pipeline-owner,2026-06-20T13:48:34.921085
positions_sftp_ingest,FRC-1f0703ba,20260530,1.025,HIGH,GREEN,STABLE,18.2,stable,18.2,18.2,stable,18.2,,,,0.0214,-0.001806,0.085,0.4169,1.0086,0.94,False,,Sequence fitness 1.00 is healthy — no variant analysis needed.,30.0,1.0,1.05,1.0,0.0214,pipeline-owner,2026-06-20T13:48:34.945769
raw_ingestion_pipeline,FRC-44ed2010,20260530,1.0,HIGH,GREEN,STABLE,5.6,stable,5.6,5.6,stable,5.6,,,,0.0176,4.5e-05,0.0756,-0.0066,1.005,0.9494,False,,Sequence fitness 1.00 is healthy — no variant analysis needed.,30.0,1.0,1.0,1.0,0.0176,pipeline-owner,2026-06-20T13:48:34.970185
regulatory_batch_dnb,FRC-b1e6b70a,20260530,1.025,HIGH,GREEN,STABLE,4.4,stable,4.4,4.4,stable,4.4,,,,0.0384,7.5e-05,0.1572,0.0015,0.9966,0.8678,False,,Sequence fitness 1.00 is healthy — no variant analysis needed.,30.0,1.0,1.05,1.0,0.0384,pipeline-owner,2026-06-20T13:48:34.992640
spark_batch_job,FRC-f1cf9f47,20260530,1.025,HIGH,GREEN,STABLE,4.5,stable,4.5,4.5,stable,4.5,,,,0.0369,-0.002021,0.156,0.0329,1.0005,0.869,False,,Sequence fitness 1.00 is healthy — no variant analysis needed.,30.0,1.0,1.05,1.0,0.0369,pipeline-owner,2026-06-20T13:48:35.014988
stress_test_scenario,FRC-9e0824ef,20260530,1.0,HIGH,GREEN,INTERMITTENT,0.1,stable,0.1,0.1,stable,0.1,,,,0.3216,0.002706,0.6,0.003,0.8346,0.425,False,,Sequence fitness 1.00 is healthy — no variant analysis needed.,30.0,1.0,1.0,1.0,0.3216,platform-infrastructure,2026-06-20T13:48:35.036911
transaction_screening,FRC-47ba874a,20260530,1.0,HIGH,GREEN,STABLE,5.8,stable,5.8,5.8,stable,5.8,,,,0.0377,0.000809,0.1596,0.003,0.9995,0.8654,False,,Sequence fitness 1.00 is healthy — no variant analysis needed.,30.0,1.0,1.0,1.0,0.0377,pipeline-owner,2026-06-20T13:48:35.083067
var_batch_processing,FRC-94e2dc53,20260530,1.0,HIGH,GREEN,STABLE,1.1,stable,1.1,1.1,stable,1.1,,,,0.0311,0.000659,0.1749,-0.0102,1.0035,0.8501,False,,Sequence fitness 1.00 is healthy — no variant analysis needed.,30.0,1.0,1.0,1.0,0.0311,pipeline-owner,2026-06-20T13:48:35.107116
collateral_valuation,FRC-0cb5fb6e,20260531,1.0,HIGH,GREEN,STABLE,14.0,stable,14.0,14.0,stable,14.0,,,,0.0312,-0.001986,0.1594,0.2649,1.0048,0.8656,False,,Sequence fitness 1.00 is healthy — no variant analysis needed.,30.0,1.0,1.0,1.0,0.0312,pipeline-owner,2026-06-20T13:48:35.130475
customer_risk_features,FRC-4aa3678b,20260531,1.025,HIGH,GREEN,INTERMITTENT,3.1,stable,3.1,3.1,stable,3.1,,,,0.3009,-0.000201,0.6,-0.0207,0.8362,0.425,False,,Sequence fitness 1.00 is healthy — no variant analysis needed.,30.0,1.0,1.05,1.0,0.3009,platform-infrastructure,2026-06-20T13:48:35.153924
dbt_model_runner,FRC-ed2958aa,20260531,1.0,HIGH,GREEN,DRIFTING,13.2,stable,13.2,13.2,stable,13.2,,,,0.0435,-0.003548,0.1536,0.2755,0.9951,0.8714,False,,Sequence fitness 1.00 is healthy — no variant analysis needed.,30.0,1.0,1.0,1.0,0.0435,pipeline-owner,2026-06-20T13:48:35.176893
delta_vacuum_runner,FRC-e23ba970,20260531,0.425,UNRELIABLE,RED,INTERMITTENT,,,,,,,,,,0.2142,-0.000878,0.6,0.0223,0.9254,0.425,False,,Variant comparison skipped: 0% trace completeness at grain='pipeline'. Low completeness at this grain level suggests row sampling rather than trace sampling. See deviations for the fix.,30.0,0.5,0.5,0.0,0.2143,platform-infrastructure,2026-06-20T13:48:35.194936
etl_daily_transform,FRC-4052a9d3,20260531,1.025,HIGH,GREEN,STABLE,5.3,stable,5.3,5.3,stable,5.3,,,,0.0193,0.000104,0.1044,0.0028,1.0047,0.9206,False,,Sequence fitness 1.00 is healthy — no variant analysis needed.,30.0,1.0,1.05,1.0,0.0193,pipeline-owner,2026-06-20T13:48:35.217458
feature_store_refresh,FRC-034a3f56,20260531,0.425,UNRELIABLE,RED,INTERMITTENT,,,,,,,,,,0.3027,-0.002024,0.6,-0.0244,0.8474,0.425,False,,Variant comparison skipped: 0% trace completeness at grain='pipeline'. Low completeness at this grain level suggests row sampling rather than trace sampling. See deviations for the fix.,30.0,0.5,0.5,0.0,0.3027,platform-infrastructure,2026-06-20T13:48:35.234816
feature_validation_job,FRC-c1f86d79,20260531,1.025,HIGH,GREEN,STABLE,4.8,stable,4.8,4.8,stable,4.8,,,,0.0346,-6e-05,0.1522,-0.0055,1.0047,0.8728,False,,Sequence fitness 1.00 is healthy — no variant analysis needed.,30.0,1.0,1.05,1.0,0.0346,pipeline-owner,2026-06-20T13:48:35.256464
fx_rate_ingestion,FRC-a24407bf,20260531,0.9556,HIGH,AMBER,STABLE,5.3,stable,5.3,5.3,stable,5.3,,,,0.0316,-0.001066,0.1621,-0.0078,1.0021,0.8629,False,,Sequence fitness 1.00 is healthy — no variant analysis needed.,30.0,1.0,0.9111,1.0,0.0316,pipeline-owner,2026-06-20T13:48:35.278756
grid_corehours_calc,FRC-0f6b3c37,20260531,1.0,HIGH,GREEN,STABLE,2.7,stable,2.7,2.7,stable,2.7,,,,0.0323,-0.002117,0.1679,0.0871,1.0045,0.8571,False,,Sequence fitness 1.00 is healthy — no variant analysis needed.,30.0,1.0,1.0,1.0,0.0323,pipeline-owner,2026-06-20T13:48:35.300133
hdfs_replication_check,FRC-f4376f26,20260531,1.025,HIGH,GREEN,STABLE,4.5,stable,4.5,4.5,stable,4.5,,,,0.0364,-0.002257,0.1604,0.0697,1.0033,0.8646,False,,Sequence fitness 1.00 is healthy — no variant analysis needed.,30.0,1.0,1.05,1.0,0.0364,pipeline-owner,2026-06-20T13:48:35.321822
inference_batch_scoring,FRC-43dc1c4e,20260531,1.0,HIGH,GREEN,STABLE,22.5,stable,22.5,22.5,stable,22.5,,,,0.033,0.000738,0.1602,0.2409,0.9969,0.8648,False,,Sequence fitness 1.00 is healthy — no variant analysis needed.,30.0,1.0,1.0,1.0,0.033,pipeline-owner,2026-06-20T13:48:35.343638
kafka_compaction_job,FRC-f2a9dc32,20260531,1.025,HIGH,GREEN,STABLE,5.2,stable,5.2,5.2,stable,5.2,,,,0.0395,-0.000566,0.1538,-0.0228,0.9984,0.8712,False,,Sequence fitness 1.00 is healthy — no variant analysis needed.,30.0,1.0,1.05,1.0,0.0395,pipeline-owner,2026-06-20T13:48:35.365355
lgd_calculation_daily,FRC-9455f754,20260531,1.025,HIGH,GREEN,STABLE,5.5,stable,5.5,5.5,stable,5.5,,,,0.0267,9.2e-05,0.134,-0.0077,1.0051,0.891,False,,Sequence fitness 1.00 is healthy — no variant analysis needed.,30.0,1.0,1.05,1.0,0.0267,pipeline-owner,2026-06-20T13:48:35.387284
liquidity_reporting,FRC-140ac563,20260531,1.025,HIGH,GREEN,STABLE,32.5,stable,32.5,32.5,stable,32.5,,,,0.0286,0.000573,0.1104,0.0953,1.0027,0.9146,False,,Sequence fitness 1.00 is healthy — no variant analysis needed.,30.0,1.0,1.05,1.0,0.0286,pipeline-owner,2026-06-20T13:48:35.409277
mifid_trade_reporting,FRC-a9ecb086,20260531,1.025,HIGH,GREEN,STABLE,13.5,stable,13.5,13.5,stable,13.5,,,,0.0165,0.000289,0.0607,0.0293,1.0095,0.9643,False,,Sequence fitness 1.00 is healthy — no variant analysis needed.,30.0,1.0,1.05,1.0,0.0165,pipeline-owner,2026-06-20T13:48:35.430986
model_training_pipeline,FRC-1147b324,20260531,1.0,HIGH,GREEN,STABLE,3.7,stable,3.7,3.7,stable,3.7,,,,0.0322,-0.001033,0.1776,-0.0317,1.0058,0.8474,False,,Sequence fitness 1.00 is healthy — no variant analysis needed.,30.0,1.0,1.0,1.0,0.0322,pipeline-owner,2026-06-20T13:48:35.452889
payment_reconciliation,FRC-0eecd6a1,20260531,1.025,HIGH,GREEN,STABLE,4.8,stable,4.8,4.8,stable,4.8,,,,0.0354,-0.002204,0.1662,0.0273,1.0046,0.8588,False,,Sequence fitness 1.00 is healthy — no variant analysis needed.,30.0,1.0,1.05,1.0,0.0354,pipeline-owner,2026-06-20T13:48:35.475087
payment_settlements_daily,FRC-90d4a831,20260531,1.0,HIGH,GREEN,STABLE,4.2,stable,4.2,4.2,stable,4.2,,,,0.0406,0.000965,0.1552,0.0094,0.9953,0.8698,False,,Sequence fitness 1.00 is healthy — no variant analysis needed.,30.0,1.0,1.0,1.0,0.0406,pipeline-owner,2026-06-20T13:48:35.497484
pd_model_batch,FRC-a3830df0,20260531,0.954,HIGH,AMBER,STABLE,6.0,stable,6.0,6.0,stable,6.0,,,,0.0312,-0.001829,0.1641,0.0889,1.0052,0.8609,False,,Sequence fitness 1.00 is healthy — no variant analysis needed.,30.0,1.0,0.908,1.0,0.0312,pipeline-owner,2026-06-20T13:48:35.519537
positions_sftp_ingest,FRC-1f0703ba,20260531,1.025,HIGH,GREEN,STABLE,14.0,stable,14.0,14.0,stable,14.0,,,,0.0214,-0.001806,0.085,0.4169,1.0086,0.94,False,,Sequence fitness 1.00 is healthy — no variant analysis needed.,30.0,1.0,1.05,1.0,0.0214,pipeline-owner,2026-06-20T13:48:35.541647
raw_ingestion_pipeline,FRC-44ed2010,20260531,1.025,HIGH,GREEN,STABLE,4.2,stable,4.2,4.2,stable,4.2,,,,0.0176,4.5e-05,0.0756,-0.0066,1.005,0.9494,False,,Sequence fitness 1.00 is healthy — no variant analysis needed.,30.0,1.0,1.05,1.0,0.0176,pipeline-owner,2026-06-20T13:48:35.563355
regulatory_batch_dnb,FRC-b1e6b70a,20260531,0.8678,HIGH,RED,STABLE,4.3,stable,4.3,4.3,stable,4.3,,,,0.0384,7.5e-05,0.1572,0.0015,0.9966,0.8678,False,,Sequence fitness 1.00 is healthy — no variant analysis needed.,30.0,1.0,0.7357,1.0,0.0384,pipeline-owner,2026-06-20T13:48:35.587033
spark_batch_job,FRC-f1cf9f47,20260531,1.025,HIGH,GREEN,STABLE,6.0,stable,6.0,6.0,stable,6.0,,,,0.0369,-0.002021,0.156,0.0329,1.0005,0.869,False,,Sequence fitness 1.00 is healthy — no variant analysis needed.,30.0,1.0,1.05,1.0,0.0369,pipeline-owner,2026-06-20T13:48:35.611289
stress_test_scenario,FRC-9e0824ef,20260531,1.0,HIGH,GREEN,INTERMITTENT,2.0,stable,2.0,2.0,stable,2.0,,,,0.3216,0.002706,0.6,0.003,0.8346,0.425,False,,Sequence fitness 1.00 is healthy — no variant analysis needed.,30.0,1.0,1.0,1.0,0.3216,platform-infrastructure,2026-06-20T13:48:35.634077
transaction_screening,FRC-47ba874a,20260531,1.025,HIGH,GREEN,STABLE,4.4,stable,4.4,4.4,stable,4.4,,,,0.0377,0.000809,0.1596,0.003,0.9995,0.8654,False,,Sequence fitness 1.00 is healthy — no variant analysis needed.,30.0,1.0,1.05,1.0,0.0377,pipeline-owner,2026-06-20T13:48:35.680632
var_batch_processing,FRC-94e2dc53,20260531,1.0,HIGH,GREEN,STABLE,1.2,stable,1.2,1.2,stable,1.2,,,,0.0311,0.000659,0.1749,-0.0102,1.0035,0.8501,False,,Sequence fitness 1.00 is healthy — no variant analysis needed.,30.0,1.0,1.0,1.0,0.0311,pipeline-owner,2026-06-20T13:48:35.702597
collateral_valuation,FRC-0cb5fb6e,20260601,1.025,HIGH,GREEN,STABLE,9.9,stable,9.9,9.9,stable,9.9,,,,0.0312,-0.001986,0.1594,0.2649,1.0048,0.8656,False,,Sequence fitness 1.00 is healthy — no variant analysis needed.,30.0,1.0,1.05,1.0,0.0312,pipeline-owner,2026-06-20T13:48:35.725613
customer_risk_features,FRC-4aa3678b,20260601,0.425,UNRELIABLE,RED,INTERMITTENT,,,,,,,,,,0.3009,-0.000201,0.6,-0.0207,0.8362,0.425,False,,Variant comparison skipped: 0% trace completeness at grain='pipeline'. Low completeness at this grain level suggests row sampling rather than trace sampling. See deviations for the fix.,30.0,0.5,0.5,0.0,0.3009,platform-infrastructure,2026-06-20T13:48:35.743402
dbt_model_runner,FRC-ed2958aa,20260601,1.0,HIGH,GREEN,DRIFTING,14.4,stable,14.4,14.4,stable,14.4,,,,0.0435,-0.003548,0.1536,0.2755,0.9951,0.8714,False,,Sequence fitness 1.00 is healthy — no variant analysis needed.,30.0,1.0,1.0,1.0,0.0435,pipeline-owner,2026-06-20T13:48:35.765343
delta_vacuum_runner,FRC-e23ba970,20260601,1.025,HIGH,GREEN,INTERMITTENT,1.4,stable,1.4,1.4,stable,1.4,,,,0.2142,-0.000878,0.6,0.0223,0.9254,0.425,False,,Sequence fitness 1.00 is healthy — no variant analysis needed.,30.0,1.0,1.05,1.0,0.2143,platform-infrastructure,2026-06-20T13:48:35.787644
etl_daily_transform,FRC-4052a9d3,20260601,0.9206,HIGH,AMBER,STABLE,4.6,stable,4.6,4.6,stable,4.6,,,,0.0193,0.000104,0.1044,0.0028,1.0047,0.9206,False,,Sequence fitness 1.00 is healthy — no variant analysis needed.,30.0,1.0,0.8411,1.0,0.0193,pipeline-owner,2026-06-20T13:48:35.809470
feature_store_refresh,FRC-034a3f56,20260601,1.025,HIGH,GREEN,INTERMITTENT,3.2,stable,3.2,3.2,stable,3.2,,,,0.3027,-0.002024,0.6,-0.0244,0.8474,0.425,False,,Sequence fitness 1.00 is healthy — no variant analysis needed.,30.0,1.0,1.05,1.0,0.3027,platform-infrastructure,2026-06-20T13:48:35.832064
feature_validation_job,FRC-c1f86d79,20260601,1.025,HIGH,GREEN,STABLE,5.1,stable,5.1,5.1,stable,5.1,,,,0.0346,-6e-05,0.1522,-0.0055,1.0047,0.8728,False,,Sequence fitness 1.00 is healthy — no variant analysis needed.,30.0,1.0,1.05,1.0,0.0346,pipeline-owner,2026-06-20T13:48:35.854097
fx_rate_ingestion,FRC-a24407bf,20260601,1.025,HIGH,GREEN,STABLE,5.8,stable,5.8,5.8,stable,5.8,,,,0.0316,-0.001066,0.1621,-0.0078,1.0021,0.8629,False,,Sequence fitness 1.00 is healthy — no variant analysis needed.,30.0,1.0,1.05,1.0,0.0316,pipeline-owner,2026-06-20T13:48:35.875690
grid_corehours_calc,FRC-0f6b3c37,20260601,1.025,HIGH,GREEN,STABLE,5.1,stable,5.1,5.1,stable,5.1,,,,0.0323,-0.002117,0.1679,0.0871,1.0045,0.8571,False,,Sequence fitness 1.00 is healthy — no variant analysis needed.,30.0,1.0,1.05,1.0,0.0323,pipeline-owner,2026-06-20T13:48:35.897596
hdfs_replication_check,FRC-f4376f26,20260601,1.0,HIGH,GREEN,STABLE,5.9,stable,5.9,5.9,stable,5.9,,,,0.0364,-0.002257,0.1604,0.0697,1.0033,0.8646,False,,Sequence fitness 1.00 is healthy — no variant analysis needed.,30.0,1.0,1.0,1.0,0.0364,pipeline-owner,2026-06-20T13:48:35.919753
inference_batch_scoring,FRC-43dc1c4e,20260601,1.025,HIGH,GREEN,STABLE,24.4,stable,24.4,24.4,stable,24.4,,,,0.033,0.000738,0.1602,0.2409,0.9969,0.8648,False,,Sequence fitness 1.00 is healthy — no variant analysis needed.,30.0,1.0,1.05,1.0,0.033,pipeline-owner,2026-06-20T13:48:35.941584
kafka_compaction_job,FRC-f2a9dc32,20260601,1.025,HIGH,GREEN,STABLE,5.2,stable,5.2,5.2,stable,5.2,,,,0.0395,-0.000566,0.1538,-0.0228,0.9984,0.8712,False,,Sequence fitness 1.00 is healthy — no variant analysis needed.,30.0,1.0,1.05,1.0,0.0395,pipeline-owner,2026-06-20T13:48:35.965004
lgd_calculation_daily,FRC-9455f754,20260601,1.0,HIGH,GREEN,STABLE,4.2,stable,4.2,4.2,stable,4.2,,,,0.0267,9.2e-05,0.134,-0.0077,1.0051,0.891,False,,Sequence fitness 1.00 is healthy — no variant analysis needed.,30.0,1.0,1.0,1.0,0.0267,pipeline-owner,2026-06-20T13:48:35.987556
liquidity_reporting,FRC-140ac563,20260601,1.0,HIGH,GREEN,STABLE,31.3,stable,31.3,31.3,stable,31.3,,,,0.0286,0.000573,0.1104,0.0953,1.0027,0.9146,False,,Sequence fitness 1.00 is healthy — no variant analysis needed.,30.0,1.0,1.0,1.0,0.0286,pipeline-owner,2026-06-20T13:48:36.011107
mifid_trade_reporting,FRC-a9ecb086,20260601,1.025,HIGH,GREEN,STABLE,14.6,stable,14.6,14.6,stable,14.6,,,,0.0165,0.000289,0.0607,0.0293,1.0095,0.9643,False,,Sequence fitness 1.00 is healthy — no variant analysis needed.,30.0,1.0,1.05,1.0,0.0165,pipeline-owner,2026-06-20T13:48:36.034164
model_training_pipeline,FRC-1147b324,20260601,1.0,HIGH,GREEN,STABLE,4.0,stable,4.0,4.0,stable,4.0,,,,0.0322,-0.001033,0.1776,-0.0317,1.0058,0.8474,False,,Sequence fitness 1.00 is healthy — no variant analysis needed.,30.0,1.0,1.0,1.0,0.0322,pipeline-owner,2026-06-20T13:48:36.056358
payment_reconciliation,FRC-0eecd6a1,20260601,1.025,HIGH,GREEN,STABLE,3.9,stable,3.9,3.9,stable,3.9,,,,0.0354,-0.002204,0.1662,0.0273,1.0046,0.8588,False,,Sequence fitness 1.00 is healthy — no variant analysis needed.,30.0,1.0,1.05,1.0,0.0354,pipeline-owner,2026-06-20T13:48:36.078460
payment_settlements_daily,FRC-90d4a831,20260601,1.025,HIGH,GREEN,STABLE,4.8,stable,4.8,4.8,stable,4.8,,,,0.0406,0.000965,0.1552,0.0094,0.9953,0.8698,False,,Sequence fitness 1.00 is healthy — no variant analysis needed.,30.0,1.0,1.05,1.0,0.0406,pipeline-owner,2026-06-20T13:48:36.100634
pd_model_batch,FRC-a3830df0,20260601,1.0,HIGH,GREEN,STABLE,3.2,stable,3.2,3.2,stable,3.2,,,,0.0312,-0.001829,0.1641,0.0889,1.0052,0.8609,False,,Sequence fitness 1.00 is healthy — no variant analysis needed.,30.0,1.0,1.0,1.0,0.0312,pipeline-owner,2026-06-20T13:48:36.128758
positions_sftp_ingest,FRC-1f0703ba,20260601,1.025,HIGH,GREEN,STABLE,13.2,stable,13.2,13.2,stable,13.2,,,,0.0214,-0.001806,0.085,0.4169,1.0086,0.94,False,,Sequence fitness 1.00 is healthy — no variant analysis needed.,30.0,1.0,1.05,1.0,0.0214,pipeline-owner,2026-06-20T13:48:36.160231
raw_ingestion_pipeline,FRC-44ed2010,20260601,1.0,HIGH,GREEN,STABLE,5.3,stable,5.3,5.3,stable,5.3,,,,0.0176,4.5e-05,0.0756,-0.0066,1.005,0.9494,False,,Sequence fitness 1.00 is healthy — no variant analysis needed.,30.0,1.0,1.0,1.0,0.0176,pipeline-owner,2026-06-20T13:48:36.190249
regulatory_batch_dnb,FRC-b1e6b70a,20260601,1.025,HIGH,GREEN,STABLE,5.1,stable,5.1,5.1,stable,5.1,,,,0.0384,7.5e-05,0.1572,0.0015,0.9966,0.8678,False,,Sequence fitness 1.00 is healthy — no variant analysis needed.,30.0,1.0,1.05,1.0,0.0384,pipeline-owner,2026-06-20T13:48:36.221555
spark_batch_job,FRC-f1cf9f47,20260601,1.0,HIGH,GREEN,STABLE,4.9,stable,4.9,4.9,stable,4.9,,,,0.0369,-0.002021,0.156,0.0329,1.0005,0.869,False,,Sequence fitness 1.00 is healthy — no variant analysis needed.,30.0,1.0,1.0,1.0,0.0369,pipeline-owner,2026-06-20T13:48:36.245672
stress_test_scenario,FRC-9e0824ef,20260601,1.025,HIGH,GREEN,INTERMITTENT,2.5,stable,2.5,2.5,stable,2.5,,,,0.3216,0.002706,0.6,0.003,0.8346,0.425,False,,Sequence fitness 1.00 is healthy — no variant analysis needed.,30.0,1.0,1.05,1.0,0.3216,platform-infrastructure,2026-06-20T13:48:36.269977
transaction_screening,FRC-47ba874a,20260601,1.0,HIGH,GREEN,STABLE,4.5,stable,4.5,4.5,stable,4.5,,,,0.0377,0.000809,0.1596,0.003,0.9995,0.8654,False,,Sequence fitness 1.00 is healthy — no variant analysis needed.,30.0,1.0,1.0,1.0,0.0377,pipeline-owner,2026-06-20T13:48:36.315230
var_batch_processing,FRC-94e2dc53,20260601,1.0,HIGH,GREEN,STABLE,1.1,stable,1.1,1.1,stable,1.1,,,,0.0311,0.000659,0.1749,-0.0102,1.0035,0.8501,False,,Sequence fitness 1.00 is healthy — no variant analysis needed.,30.0,1.0,1.0,1.0,0.0311,pipeline-owner,2026-06-20T13:48:36.337055
collateral_valuation,FRC-0cb5fb6e,20260602,1.025,HIGH,GREEN,STABLE,19.1,stable,19.1,19.1,stable,19.1,,,,0.0312,-0.001986,0.1594,0.2649,1.0048,0.8656,False,,Sequence fitness 1.00 is healthy — no variant analysis needed.,30.0,1.0,1.05,1.0,0.0312,pipeline-owner,2026-06-20T13:48:36.360242
customer_risk_features,FRC-4aa3678b,20260602,0.9054,HIGH,AMBER,INTERMITTENT,3.2,stable,3.2,3.2,stable,3.2,,,,0.3009,-0.000201,0.6,-0.0207,0.8362,0.425,False,,Sequence fitness 1.00 is healthy — no variant analysis needed.,30.0,1.0,0.8109,1.0,0.3009,platform-infrastructure,2026-06-20T13:48:36.382218
dbt_model_runner,FRC-ed2958aa,20260602,1.025,HIGH,GREEN,DRIFTING,12.8,stable,12.8,12.8,stable,12.8,,,,0.0435,-0.003548,0.1536,0.2755,0.9951,0.8714,False,,Sequence fitness 1.00 is healthy — no variant analysis needed.,30.0,1.0,1.05,1.0,0.0435,pipeline-owner,2026-06-20T13:48:36.405757
delta_vacuum_runner,FRC-e23ba970,20260602,1.025,HIGH,GREEN,INTERMITTENT,1.7,stable,1.7,1.7,stable,1.7,,,,0.2142,-0.000878,0.6,0.0223,0.9254,0.425,False,,Sequence fitness 1.00 is healthy — no variant analysis needed.,30.0,1.0,1.05,1.0,0.2143,platform-infrastructure,2026-06-20T13:48:36.428249
etl_daily_transform,FRC-4052a9d3,20260602,1.0,HIGH,GREEN,STABLE,4.8,stable,4.8,4.8,stable,4.8,,,,0.0193,0.000104,0.1044,0.0028,1.0047,0.9206,False,,Sequence fitness 1.00 is healthy — no variant analysis needed.,30.0,1.0,1.0,1.0,0.0193,pipeline-owner,2026-06-20T13:48:36.449837
feature_store_refresh,FRC-034a3f56,20260602,1.025,HIGH,GREEN,INTERMITTENT,2.4,stable,2.4,2.4,stable,2.4,,,,0.3027,-0.002024,0.6,-0.0244,0.8474,0.425,False,,Sequence fitness 1.00 is healthy — no variant analysis needed.,30.0,1.0,1.05,1.0,0.3027,platform-infrastructure,2026-06-20T13:48:36.471493
feature_validation_job,FRC-c1f86d79,20260602,1.025,HIGH,GREEN,STABLE,5.2,stable,5.2,5.2,stable,5.2,,,,0.0346,-6e-05,0.1522,-0.0055,1.0047,0.8728,False,,Sequence fitness 1.00 is healthy — no variant analysis needed.,30.0,1.0,1.05,1.0,0.0346,pipeline-owner,2026-06-20T13:48:36.493280
fx_rate_ingestion,FRC-a24407bf,20260602,1.0,HIGH,GREEN,STABLE,4.9,stable,4.9,4.9,stable,4.9,,,,0.0316,-0.001066,0.1621,-0.0078,1.0021,0.8629,False,,Sequence fitness 1.00 is healthy — no variant analysis needed.,30.0,1.0,1.0,1.0,0.0316,pipeline-owner,2026-06-20T13:48:36.515040
grid_corehours_calc,FRC-0f6b3c37,20260602,1.0,HIGH,GREEN,STABLE,2.7,stable,2.7,2.7,stable,2.7,,,,0.0323,-0.002117,0.1679,0.0871,1.0045,0.8571,False,,Sequence fitness 1.00 is healthy — no variant analysis needed.,30.0,1.0,1.0,1.0,0.0323,pipeline-owner,2026-06-20T13:48:36.536512
hdfs_replication_check,FRC-f4376f26,20260602,1.0,HIGH,GREEN,STABLE,3.4,stable,3.4,3.4,stable,3.4,,,,0.0364,-0.002257,0.1604,0.0697,1.0033,0.8646,False,,Sequence fitness 1.00 is healthy — no variant analysis needed.,30.0,1.0,1.0,1.0,0.0364,pipeline-owner,2026-06-20T13:48:36.558614
inference_batch_scoring,FRC-43dc1c4e,20260602,1.025,HIGH,GREEN,STABLE,23.5,stable,23.5,23.5,stable,23.5,,,,0.033,0.000738,0.1602,0.2409,0.9969,0.8648,False,,Sequence fitness 1.00 is healthy — no variant analysis needed.,30.0,1.0,1.05,1.0,0.033,pipeline-owner,2026-06-20T13:48:36.580462
kafka_compaction_job,FRC-f2a9dc32,20260602,0.894,HIGH,AMBER,STABLE,4.7,stable,4.7,4.7,stable,4.7,,,,0.0395,-0.000566,0.1538,-0.0228,0.9984,0.8712,False,,Sequence fitness 1.00 is healthy — no variant analysis needed.,30.0,1.0,0.7879,1.0,0.0395,pipeline-owner,2026-06-20T13:48:36.602319
lgd_calculation_daily,FRC-9455f754,20260602,1.025,HIGH,GREEN,STABLE,4.2,stable,4.2,4.2,stable,4.2,,,,0.0267,9.2e-05,0.134,-0.0077,1.0051,0.891,False,,Sequence fitness 1.00 is healthy — no variant analysis needed.,30.0,1.0,1.05,1.0,0.0267,pipeline-owner,2026-06-20T13:48:36.624732
liquidity_reporting,FRC-140ac563,20260602,0.9749,HIGH,AMBER,STABLE,36.6,stable,36.6,36.6,stable,36.6,,,,0.0286,0.000573,0.1104,0.0953,1.0027,0.9146,False,,Sequence fitness 1.00 is healthy — no variant analysis needed.,30.0,1.0,0.9498,1.0,0.0286,pipeline-owner,2026-06-20T13:48:36.646492
mifid_trade_reporting,FRC-a9ecb086,20260602,0.9643,HIGH,AMBER,STABLE,15.0,stable,15.0,15.0,stable,15.0,,,,0.0165,0.000289,0.0607,0.0293,1.0095,0.9643,False,,Sequence fitness 1.00 is healthy — no variant analysis needed.,30.0,1.0,0.9286,1.0,0.0165,pipeline-owner,2026-06-20T13:48:36.668321
model_training_pipeline,FRC-1147b324,20260602,1.025,HIGH,GREEN,STABLE,1.7,stable,1.7,1.7,stable,1.7,,,,0.0322,-0.001033,0.1776,-0.0317,1.0058,0.8474,False,,Sequence fitness 1.00 is healthy — no variant analysis needed.,30.0,1.0,1.05,1.0,0.0322,pipeline-owner,2026-06-20T13:48:36.690227
payment_reconciliation,FRC-0eecd6a1,20260602,1.025,HIGH,GREEN,STABLE,4.7,stable,4.7,4.7,stable,4.7,,,,0.0354,-0.002204,0.1662,0.0273,1.0046,0.8588,False,,Sequence fitness 1.00 is healthy — no variant analysis needed.,30.0,1.0,1.05,1.0,0.0354,pipeline-owner,2026-06-20T13:48:36.712091
payment_settlements_daily,FRC-90d4a831,20260602,1.0,HIGH,GREEN,STABLE,6.0,stable,6.0,6.0,stable,6.0,,,,0.0406,0.000965,0.1552,0.0094,0.9953,0.8698,False,,Sequence fitness 1.00 is healthy — no variant analysis needed.,30.0,1.0,1.0,1.0,0.0406,pipeline-owner,2026-06-20T13:48:36.734087
pd_model_batch,FRC-a3830df0,20260602,1.025,HIGH,GREEN,STABLE,4.3,stable,4.3,4.3,stable,4.3,,,,0.0312,-0.001829,0.1641,0.0889,1.0052,0.8609,False,,Sequence fitness 1.00 is healthy — no variant analysis needed.,30.0,1.0,1.05,1.0,0.0312,pipeline-owner,2026-06-20T13:48:36.755794
positions_sftp_ingest,FRC-1f0703ba,20260602,1.0,HIGH,GREEN,STABLE,17.0,stable,17.0,17.0,stable,17.0,,,,0.0214,-0.001806,0.085,0.4169,1.0086,0.94,False,,Sequence fitness 1.00 is healthy — no variant analysis needed.,30.0,1.0,1.0,1.0,0.0214,pipeline-owner,2026-06-20T13:48:36.777737
raw_ingestion_pipeline,FRC-44ed2010,20260602,1.0,HIGH,GREEN,STABLE,5.3,stable,5.3,5.3,stable,5.3,,,,0.0176,4.5e-05,0.0756,-0.0066,1.005,0.9494,False,,Sequence fitness 1.00 is healthy — no variant analysis needed.,30.0,1.0,1.0,1.0,0.0176,pipeline-owner,2026-06-20T13:48:36.799855
regulatory_batch_dnb,FRC-b1e6b70a,20260602,0.9058,HIGH,AMBER,STABLE,4.6,stable,4.6,4.6,stable,4.6,,,,0.0384,7.5e-05,0.1572,0.0015,0.9966,0.8678,False,,Sequence fitness 1.00 is healthy — no variant analysis needed.,30.0,1.0,0.8116,1.0,0.0384,pipeline-owner,2026-06-20T13:48:36.838181
spark_batch_job,FRC-f1cf9f47,20260602,1.0,HIGH,GREEN,STABLE,3.6,stable,3.6,3.6,stable,3.6,,,,0.0369,-0.002021,0.156,0.0329,1.0005,0.869,False,,Sequence fitness 1.00 is healthy — no variant analysis needed.,30.0,1.0,1.0,1.0,0.0369,pipeline-owner,2026-06-20T13:48:36.871537
stress_test_scenario,FRC-9e0824ef,20260602,0.425,UNRELIABLE,RED,INTERMITTENT,,,,,,,,,,0.3216,0.002706,0.6,0.003,0.8346,0.425,False,,Variant comparison skipped: 0% trace completeness at grain='pipeline'. Low completeness at this grain level suggests row sampling rather than trace sampling. See deviations for the fix.,30.0,0.5,0.5,0.0,0.3216,platform-infrastructure,2026-06-20T13:48:36.894870
transaction_screening,FRC-47ba874a,20260602,1.025,HIGH,GREEN,STABLE,4.3,stable,4.3,4.3,stable,4.3,,,,0.0377,0.000809,0.1596,0.003,0.9995,0.8654,False,,Sequence fitness 1.00 is healthy — no variant analysis needed.,30.0,1.0,1.05,1.0,0.0377,pipeline-owner,2026-06-20T13:48:36.946883
var_batch_processing,FRC-94e2dc53,20260602,1.025,HIGH,GREEN,STABLE,3.3,stable,3.3,3.3,stable,3.3,,,,0.0311,0.000659,0.1749,-0.0102,1.0035,0.8501,False,,Sequence fitness 1.00 is healthy — no variant analysis needed.,30.0,1.0,1.05,1.0,0.0311,pipeline-owner,2026-06-20T13:48:36.968876
collateral_valuation,FRC-0cb5fb6e,20260603,1.0,HIGH,GREEN,STABLE,19.9,stable,19.9,19.9,stable,19.9,,,,0.0312,-0.001986,0.1594,0.2649,1.0048,0.8656,False,,Sequence fitness 1.00 is healthy — no variant analysis needed.,30.0,1.0,1.0,1.0,0.0312,pipeline-owner,2026-06-20T13:48:36.992273
customer_risk_features,FRC-4aa3678b,20260603,1.025,HIGH,GREEN,INTERMITTENT,3.7,stable,3.7,3.7,stable,3.7,,,,0.3009,-0.000201,0.6,-0.0207,0.8362,0.425,False,,Sequence fitness 1.00 is healthy — no variant analysis needed.,30.0,1.0,1.05,1.0,0.3009,platform-infrastructure,2026-06-20T13:48:37.014212
dbt_model_runner,FRC-ed2958aa,20260603,1.025,HIGH,GREEN,DRIFTING,13.6,stable,13.6,13.6,stable,13.6,,,,0.0435,-0.003548,0.1536,0.2755,0.9951,0.8714,False,,Sequence fitness 1.00 is healthy — no variant analysis needed.,30.0,1.0,1.05,1.0,0.0435,pipeline-owner,2026-06-20T13:48:37.036033
delta_vacuum_runner,FRC-e23ba970,20260603,1.025,HIGH,GREEN,INTERMITTENT,3.5,stable,3.5,3.5,stable,3.5,,,,0.2142,-0.000878,0.6,0.0223,0.9254,0.425,False,,Sequence fitness 1.00 is healthy — no variant analysis needed.,30.0,1.0,1.05,1.0,0.2143,platform-infrastructure,2026-06-20T13:48:37.058047
etl_daily_transform,FRC-4052a9d3,20260603,1.0,HIGH,GREEN,STABLE,5.3,stable,5.3,5.3,stable,5.3,,,,0.0193,0.000104,0.1044,0.0028,1.0047,0.9206,False,,Sequence fitness 1.00 is healthy — no variant analysis needed.,30.0,1.0,1.0,1.0,0.0193,pipeline-owner,2026-06-20T13:48:37.080753
feature_store_refresh,FRC-034a3f56,20260603,1.0,HIGH,GREEN,INTERMITTENT,4.0,stable,4.0,4.0,stable,4.0,,,,0.3027,-0.002024,0.6,-0.0244,0.8474,0.425,False,,Sequence fitness 1.00 is healthy — no variant analysis needed.,30.0,1.0,1.0,1.0,0.3027,platform-infrastructure,2026-06-20T13:48:37.102805
feature_validation_job,FRC-c1f86d79,20260603,1.025,HIGH,GREEN,STABLE,5.0,stable,5.0,5.0,stable,5.0,,,,0.0346,-6e-05,0.1522,-0.0055,1.0047,0.8728,False,,Sequence fitness 1.00 is healthy — no variant analysis needed.,30.0,1.0,1.05,1.0,0.0346,pipeline-owner,2026-06-20T13:48:37.124723
fx_rate_ingestion,FRC-a24407bf,20260603,1.025,HIGH,GREEN,STABLE,5.4,stable,5.4,5.4,stable,5.4,,,,0.0316,-0.001066,0.1621,-0.0078,1.0021,0.8629,False,,Sequence fitness 1.00 is healthy — no variant analysis needed.,30.0,1.0,1.05,1.0,0.0316,pipeline-owner,2026-06-20T13:48:37.146468
grid_corehours_calc,FRC-0f6b3c37,20260603,1.0,HIGH,GREEN,STABLE,4.3,stable,4.3,4.3,stable,4.3,,,,0.0323,-0.002117,0.1679,0.0871,1.0045,0.8571,False,,Sequence fitness 1.00 is healthy — no variant analysis needed.,30.0,1.0,1.0,1.0,0.0323,pipeline-owner,2026-06-20T13:48:37.168100
hdfs_replication_check,FRC-f4376f26,20260603,1.025,HIGH,GREEN,STABLE,6.3,stable,6.3,6.3,stable,6.3,,,,0.0364,-0.002257,0.1604,0.0697,1.0033,0.8646,False,,Sequence fitness 1.00 is healthy — no variant analysis needed.,30.0,1.0,1.05,1.0,0.0364,pipeline-owner,2026-06-20T13:48:37.189973
inference_batch_scoring,FRC-43dc1c4e,20260603,1.0,HIGH,GREEN,STABLE,26.7,stable,26.7,26.7,stable,26.7,,,,0.033,0.000738,0.1602,0.2409,0.9969,0.8648,False,,Sequence fitness 1.00 is healthy — no variant analysis needed.,30.0,1.0,1.0,1.0,0.033,pipeline-owner,2026-06-20T13:48:37.211786
kafka_compaction_job,FRC-f2a9dc32,20260603,1.0,HIGH,GREEN,STABLE,5.4,stable,5.4,5.4,stable,5.4,,,,0.0395,-0.000566,0.1538,-0.0228,0.9984,0.8712,False,,Sequence fitness 1.00 is healthy — no variant analysis needed.,30.0,1.0,1.0,1.0,0.0395,pipeline-owner,2026-06-20T13:48:37.233484
lgd_calculation_daily,FRC-9455f754,20260603,0.9828,HIGH,AMBER,STABLE,5.2,stable,5.2,5.2,stable,5.2,,,,0.0267,9.2e-05,0.134,-0.0077,1.0051,0.891,False,,Sequence fitness 1.00 is healthy — no variant analysis needed.,30.0,1.0,0.9655,1.0,0.0267,pipeline-owner,2026-06-20T13:48:37.254955
liquidity_reporting,FRC-140ac563,20260603,0.9349,HIGH,AMBER,STABLE,31.1,stable,31.1,31.1,stable,31.1,,,,0.0286,0.000573,0.1104,0.0953,1.0027,0.9146,False,,Sequence fitness 1.00 is healthy — no variant analysis needed.,30.0,1.0,0.8698,1.0,0.0286,pipeline-owner,2026-06-20T13:48:37.277428
mifid_trade_reporting,FRC-a9ecb086,20260603,1.0,HIGH,GREEN,STABLE,14.5,stable,14.5,14.5,stable,14.5,,,,0.0165,0.000289,0.0607,0.0293,1.0095,0.9643,False,,Sequence fitness 1.00 is healthy — no variant analysis needed.,30.0,1.0,1.0,1.0,0.0165,pipeline-owner,2026-06-20T13:48:37.301899
model_training_pipeline,FRC-1147b324,20260603,1.025,HIGH,GREEN,STABLE,4.6,stable,4.6,4.6,stable,4.6,,,,0.0322,-0.001033,0.1776,-0.0317,1.0058,0.8474,False,,Sequence fitness 1.00 is healthy — no variant analysis needed.,30.0,1.0,1.05,1.0,0.0322,pipeline-owner,2026-06-20T13:48:37.324527
payment_reconciliation,FRC-0eecd6a1,20260603,1.025,HIGH,GREEN,STABLE,6.6,stable,6.6,6.6,stable,6.6,,,,0.0354,-0.002204,0.1662,0.0273,1.0046,0.8588,False,,Sequence fitness 1.00 is healthy — no variant analysis needed.,30.0,1.0,1.05,1.0,0.0354,pipeline-owner,2026-06-20T13:48:37.347361
payment_settlements_daily,FRC-90d4a831,20260603,1.025,HIGH,GREEN,STABLE,5.6,stable,5.6,5.6,stable,5.6,,,,0.0406,0.000965,0.1552,0.0094,0.9953,0.8698,False,,Sequence fitness 1.00 is healthy — no variant analysis needed.,30.0,1.0,1.05,1.0,0.0406,pipeline-owner,2026-06-20T13:48:37.369681
pd_model_batch,FRC-a3830df0,20260603,1.0,HIGH,GREEN,STABLE,4.7,stable,4.7,4.7,stable,4.7,,,,0.0312,-0.001829,0.1641,0.0889,1.0052,0.8609,False,,Sequence fitness 1.00 is healthy — no variant analysis needed.,30.0,1.0,1.0,1.0,0.0312,pipeline-owner,2026-06-20T13:48:37.391803
positions_sftp_ingest,FRC-1f0703ba,20260603,1.0,HIGH,GREEN,STABLE,18.1,stable,18.1,18.1,stable,18.1,,,,0.0214,-0.001806,0.085,0.4169,1.0086,0.94,False,,Sequence fitness 1.00 is healthy — no variant analysis needed.,30.0,1.0,1.0,1.0,0.0214,pipeline-owner,2026-06-20T13:48:37.414841
raw_ingestion_pipeline,FRC-44ed2010,20260603,1.0,HIGH,GREEN,STABLE,5.5,stable,5.5,5.5,stable,5.5,,,,0.0176,4.5e-05,0.0756,-0.0066,1.005,0.9494,False,,Sequence fitness 1.00 is healthy — no variant analysis needed.,30.0,1.0,1.0,1.0,0.0176,pipeline-owner,2026-06-20T13:48:37.436693
regulatory_batch_dnb,FRC-b1e6b70a,20260603,1.0,HIGH,GREEN,STABLE,4.6,stable,4.6,4.6,stable,4.6,,,,0.0384,7.5e-05,0.1572,0.0015,0.9966,0.8678,False,,Sequence fitness 1.00 is healthy — no variant analysis needed.,30.0,1.0,1.0,1.0,0.0384,pipeline-owner,2026-06-20T13:48:37.458535
spark_batch_job,FRC-f1cf9f47,20260603,1.025,HIGH,GREEN,STABLE,2.9,stable,2.9,2.9,stable,2.9,,,,0.0369,-0.002021,0.156,0.0329,1.0005,0.869,False,,Sequence fitness 1.00 is healthy — no variant analysis needed.,30.0,1.0,1.05,1.0,0.0369,pipeline-owner,2026-06-20T13:48:37.485614
stress_test_scenario,FRC-9e0824ef,20260603,1.025,HIGH,GREEN,INTERMITTENT,3.8,stable,3.8,3.8,stable,3.8,,,,0.3216,0.002706,0.6,0.003,0.8346,0.425,False,,Sequence fitness 1.00 is healthy — no variant analysis needed.,30.0,1.0,1.05,1.0,0.3216,platform-infrastructure,2026-06-20T13:48:37.507737
transaction_screening,FRC-47ba874a,20260603,1.025,HIGH,GREEN,STABLE,5.0,stable,5.0,5.0,stable,5.0,,,,0.0377,0.000809,0.1596,0.003,0.9995,0.8654,False,,Sequence fitness 1.00 is healthy — no variant analysis needed.,30.0,1.0,1.05,1.0,0.0377,pipeline-owner,2026-06-20T13:48:37.553679
var_batch_processing,FRC-94e2dc53,20260603,1.025,HIGH,GREEN,STABLE,4.6,stable,4.6,4.6,stable,4.6,,,,0.0311,0.000659,0.1749,-0.0102,1.0035,0.8501,False,,Sequence fitness 1.00 is healthy — no variant analysis needed.,30.0,1.0,1.05,1.0,0.0311,pipeline-owner,2026-06-20T13:48:37.576989
collateral_valuation,FRC-0cb5fb6e,20260604,1.025,HIGH,GREEN,STABLE,12.7,stable,12.7,12.7,stable,12.7,,,,0.0312,-0.001986,0.1594,0.2649,1.0048,0.8656,False,,Sequence fitness 1.00 is healthy — no variant analysis needed.,30.0,1.0,1.05,1.0,0.0312,pipeline-owner,2026-06-20T13:48:37.601433
customer_risk_features,FRC-4aa3678b,20260604,0.425,UNRELIABLE,RED,INTERMITTENT,,,,,,,,,,0.3009,-0.000201,0.6,-0.0207,0.8362,0.425,False,,Variant comparison skipped: 0% trace completeness at grain='pipeline'. Low completeness at this grain level suggests row sampling rather than trace sampling. See deviations for the fix.,30.0,0.5,0.5,0.0,0.3009,platform-infrastructure,2026-06-20T13:48:37.622061
dbt_model_runner,FRC-ed2958aa,20260604,1.0,HIGH,GREEN,DRIFTING,11.3,stable,11.3,11.3,stable,11.3,,,,0.0435,-0.003548,0.1536,0.2755,0.9951,0.8714,False,,Sequence fitness 1.00 is healthy — no variant analysis needed.,30.0,1.0,1.0,1.0,0.0435,pipeline-owner,2026-06-20T13:48:37.645774
delta_vacuum_runner,FRC-e23ba970,20260604,1.0,HIGH,GREEN,INTERMITTENT,2.0,stable,2.0,2.0,stable,2.0,,,,0.2142,-0.000878,0.6,0.0223,0.9254,0.425,False,,Sequence fitness 1.00 is healthy — no variant analysis needed.,30.0,1.0,1.0,1.0,0.2143,platform-infrastructure,2026-06-20T13:48:37.668278
etl_daily_transform,FRC-4052a9d3,20260604,1.0,HIGH,GREEN,STABLE,4.8,stable,4.8,4.8,stable,4.8,,,,0.0193,0.000104,0.1044,0.0028,1.0047,0.9206,False,,Sequence fitness 1.00 is healthy — no variant analysis needed.,30.0,1.0,1.0,1.0,0.0193,pipeline-owner,2026-06-20T13:48:37.691980
feature_store_refresh,FRC-034a3f56,20260604,1.0,HIGH,GREEN,INTERMITTENT,2.6,stable,2.6,2.6,stable,2.6,,,,0.3027,-0.002024,0.6,-0.0244,0.8474,0.425,False,,Sequence fitness 1.00 is healthy — no variant analysis needed.,30.0,1.0,1.0,1.0,0.3027,platform-infrastructure,2026-06-20T13:48:37.714046
feature_validation_job,FRC-c1f86d79,20260604,1.025,HIGH,GREEN,STABLE,5.2,stable,5.2,5.2,stable,5.2,,,,0.0346,-6e-05,0.1522,-0.0055,1.0047,0.8728,False,,Sequence fitness 1.00 is healthy — no variant analysis needed.,30.0,1.0,1.05,1.0,0.0346,pipeline-owner,2026-06-20T13:48:37.735966
fx_rate_ingestion,FRC-a24407bf,20260604,1.025,HIGH,GREEN,STABLE,4.1,stable,4.1,4.1,stable,4.1,,,,0.0316,-0.001066,0.1621,-0.0078,1.0021,0.8629,False,,Sequence fitness 1.00 is healthy — no variant analysis needed.,30.0,1.0,1.05,1.0,0.0316,pipeline-owner,2026-06-20T13:48:37.757570
grid_corehours_calc,FRC-0f6b3c37,20260604,1.0,HIGH,GREEN,STABLE,2.9,stable,2.9,2.9,stable,2.9,,,,0.0323,-0.002117,0.1679,0.0871,1.0045,0.8571,False,,Sequence fitness 1.00 is healthy — no variant analysis needed.,30.0,1.0,1.0,1.0,0.0323,pipeline-owner,2026-06-20T13:48:37.780593
hdfs_replication_check,FRC-f4376f26,20260604,1.0,HIGH,GREEN,STABLE,3.0,stable,3.0,3.0,stable,3.0,,,,0.0364,-0.002257,0.1604,0.0697,1.0033,0.8646,False,,Sequence fitness 1.00 is healthy — no variant analysis needed.,30.0,1.0,1.0,1.0,0.0364,pipeline-owner,2026-06-20T13:48:37.803398
inference_batch_scoring,FRC-43dc1c4e,20260604,1.0,HIGH,GREEN,STABLE,23.5,stable,23.5,23.5,stable,23.5,,,,0.033,0.000738,0.1602,0.2409,0.9969,0.8648,False,,Sequence fitness 1.00 is healthy — no variant analysis needed.,30.0,1.0,1.0,1.0,0.033,pipeline-owner,2026-06-20T13:48:37.826478
kafka_compaction_job,FRC-f2a9dc32,20260604,1.0,HIGH,GREEN,STABLE,5.1,stable,5.1,5.1,stable,5.1,,,,0.0395,-0.000566,0.1538,-0.0228,0.9984,0.8712,False,,Sequence fitness 1.00 is healthy — no variant analysis needed.,30.0,1.0,1.0,1.0,0.0395,pipeline-owner,2026-06-20T13:48:37.849253
lgd_calculation_daily,FRC-9455f754,20260604,1.025,HIGH,GREEN,STABLE,4.9,stable,4.9,4.9,stable,4.9,,,,0.0267,9.2e-05,0.134,-0.0077,1.0051,0.891,False,,Sequence fitness 1.00 is healthy — no variant analysis needed.,30.0,1.0,1.05,1.0,0.0267,pipeline-owner,2026-06-20T13:48:37.871552
liquidity_reporting,FRC-140ac563,20260604,1.025,HIGH,GREEN,STABLE,30.1,stable,30.1,30.1,stable,30.1,,,,0.0286,0.000573,0.1104,0.0953,1.0027,0.9146,False,,Sequence fitness 1.00 is healthy — no variant analysis needed.,30.0,1.0,1.05,1.0,0.0286,pipeline-owner,2026-06-20T13:48:37.893894
mifid_trade_reporting,FRC-a9ecb086,20260604,1.0,HIGH,GREEN,STABLE,17.0,stable,17.0,17.0,stable,17.0,,,,0.0165,0.000289,0.0607,0.0293,1.0095,0.9643,False,,Sequence fitness 1.00 is healthy — no variant analysis needed.,30.0,1.0,1.0,1.0,0.0165,pipeline-owner,2026-06-20T13:48:37.916097
model_training_pipeline,FRC-1147b324,20260604,1.025,HIGH,GREEN,STABLE,4.4,stable,4.4,4.4,stable,4.4,,,,0.0322,-0.001033,0.1776,-0.0317,1.0058,0.8474,False,,Sequence fitness 1.00 is healthy — no variant analysis needed.,30.0,1.0,1.05,1.0,0.0322,pipeline-owner,2026-06-20T13:48:37.937923
payment_reconciliation,FRC-0eecd6a1,20260604,1.0,HIGH,GREEN,STABLE,5.6,stable,5.6,5.6,stable,5.6,,,,0.0354,-0.002204,0.1662,0.0273,1.0046,0.8588,False,,Sequence fitness 1.00 is healthy — no variant analysis needed.,30.0,1.0,1.0,1.0,0.0354,pipeline-owner,2026-06-20T13:48:37.960027
payment_settlements_daily,FRC-90d4a831,20260604,1.025,HIGH,GREEN,STABLE,4.0,stable,4.0,4.0,stable,4.0,,,,0.0406,0.000965,0.1552,0.0094,0.9953,0.8698,False,,Sequence fitness 1.00 is healthy — no variant analysis needed.,30.0,1.0,1.05,1.0,0.0406,pipeline-owner,2026-06-20T13:48:37.981735
pd_model_batch,FRC-a3830df0,20260604,1.0,HIGH,GREEN,STABLE,5.4,stable,5.4,5.4,stable,5.4,,,,0.0312,-0.001829,0.1641,0.0889,1.0052,0.8609,False,,Sequence fitness 1.00 is healthy — no variant analysis needed.,30.0,1.0,1.0,1.0,0.0312,pipeline-owner,2026-06-20T13:48:38.004120
positions_sftp_ingest,FRC-1f0703ba,20260604,1.025,HIGH,GREEN,STABLE,19.9,stable,19.9,19.9,stable,19.9,,,,0.0214,-0.001806,0.085,0.4169,1.0086,0.94,False,,Sequence fitness 1.00 is healthy — no variant analysis needed.,30.0,1.0,1.05,1.0,0.0214,pipeline-owner,2026-06-20T13:48:38.026105
raw_ingestion_pipeline,FRC-44ed2010,20260604,1.025,HIGH,GREEN,STABLE,4.3,stable,4.3,4.3,stable,4.3,,,,0.0176,4.5e-05,0.0756,-0.0066,1.005,0.9494,False,,Sequence fitness 1.00 is healthy — no variant analysis needed.,30.0,1.0,1.05,1.0,0.0176,pipeline-owner,2026-06-20T13:48:38.048916
regulatory_batch_dnb,FRC-b1e6b70a,20260604,0.9926,HIGH,AMBER,STABLE,5.9,stable,5.9,5.9,stable,5.9,,,,0.0384,7.5e-05,0.1572,0.0015,0.9966,0.8678,False,,Sequence fitness 1.00 is healthy — no variant analysis needed.,30.0,1.0,0.9853,1.0,0.0384,pipeline-owner,2026-06-20T13:48:38.070973
spark_batch_job,FRC-f1cf9f47,20260604,1.025,HIGH,GREEN,STABLE,5.0,stable,5.0,5.0,stable,5.0,,,,0.0369,-0.002021,0.156,0.0329,1.0005,0.869,False,,Sequence fitness 1.00 is healthy — no variant analysis needed.,30.0,1.0,1.05,1.0,0.0369,pipeline-owner,2026-06-20T13:48:38.094805
stress_test_scenario,FRC-9e0824ef,20260604,0.425,UNRELIABLE,RED,INTERMITTENT,,,,,,,,,,0.3216,0.002706,0.6,0.003,0.8346,0.425,False,,Variant comparison skipped: 0% trace completeness at grain='pipeline'. Low completeness at this grain level suggests row sampling rather than trace sampling. See deviations for the fix.,30.0,0.5,0.5,0.0,0.3216,platform-infrastructure,2026-06-20T13:48:38.112662
transaction_screening,FRC-47ba874a,20260604,1.025,HIGH,GREEN,STABLE,5.1,stable,5.1,5.1,stable,5.1,,,,0.0377,0.000809,0.1596,0.003,0.9995,0.8654,False,,Sequence fitness 1.00 is healthy — no variant analysis needed.,30.0,1.0,1.05,1.0,0.0377,pipeline-owner,2026-06-20T13:48:38.156642
var_batch_processing,FRC-94e2dc53,20260604,1.0,HIGH,GREEN,STABLE,2.9,stable,2.9,2.9,stable,2.9,,,,0.0311,0.000659,0.1749,-0.0102,1.0035,0.8501,False,,Sequence fitness 1.00 is healthy — no variant analysis needed.,30.0,1.0,1.0,1.0,0.0311,pipeline-owner,2026-06-20T13:48:38.178512
collateral_valuation,FRC-0cb5fb6e,20260605,1.0,HIGH,GREEN,STABLE,12.4,stable,12.4,12.4,stable,12.4,,,,0.0312,-0.001986,0.1594,0.2649,1.0048,0.8656,False,,Sequence fitness 1.00 is healthy — no variant analysis needed.,30.0,1.0,1.0,1.0,0.0312,pipeline-owner,2026-06-20T13:48:38.201548
customer_risk_features,FRC-4aa3678b,20260605,1.025,HIGH,GREEN,INTERMITTENT,2.1,stable,2.1,2.1,stable,2.1,,,,0.3009,-0.000201,0.6,-0.0207,0.8362,0.425,False,,Sequence fitness 1.00 is healthy — no variant analysis needed.,30.0,1.0,1.05,1.0,0.3009,platform-infrastructure,2026-06-20T13:48:38.224192
dbt_model_runner,FRC-ed2958aa,20260605,1.025,HIGH,GREEN,DRIFTING,12.5,stable,12.5,12.5,stable,12.5,,,,0.0435,-0.003548,0.1536,0.2755,0.9951,0.8714,False,,Sequence fitness 1.00 is healthy — no variant analysis needed.,30.0,1.0,1.05,1.0,0.0435,pipeline-owner,2026-06-20T13:48:38.246990
delta_vacuum_runner,FRC-e23ba970,20260605,1.025,HIGH,GREEN,INTERMITTENT,3.9,stable,3.9,3.9,stable,3.9,,,,0.2142,-0.000878,0.6,0.0223,0.9254,0.425,False,,Sequence fitness 1.00 is healthy — no variant analysis needed.,30.0,1.0,1.05,1.0,0.2143,platform-infrastructure,2026-06-20T13:48:38.270112
etl_daily_transform,FRC-4052a9d3,20260605,1.0,HIGH,GREEN,STABLE,5.4,stable,5.4,5.4,stable,5.4,,,,0.0193,0.000104,0.1044,0.0028,1.0047,0.9206,False,,Sequence fitness 1.00 is healthy — no variant analysis needed.,30.0,1.0,1.0,1.0,0.0193,pipeline-owner,2026-06-20T13:48:38.295429
feature_store_refresh,FRC-034a3f56,20260605,1.0,HIGH,GREEN,INTERMITTENT,,stable,0.0,0.0,stable,0.0,,,,0.3027,-0.002024,0.6,-0.0297,0.8474,0.425,False,,Sequence fitness 1.00 is healthy — no variant analysis needed.,30.0,1.0,1.0,1.0,0.3027,platform-infrastructure,2026-06-20T13:48:38.317268
feature_validation_job,FRC-c1f86d79,20260605,1.0,HIGH,GREEN,STABLE,5.6,stable,5.6,5.6,stable,5.6,,,,0.0346,-6e-05,0.1522,-0.0055,1.0047,0.8728,False,,Sequence fitness 1.00 is healthy — no variant analysis needed.,30.0,1.0,1.0,1.0,0.0346,pipeline-owner,2026-06-20T13:48:38.339793
fx_rate_ingestion,FRC-a24407bf,20260605,1.0,HIGH,GREEN,STABLE,5.6,stable,5.6,5.6,stable,5.6,,,,0.0316,-0.001066,0.1621,-0.0078,1.0021,0.8629,False,,Sequence fitness 1.00 is healthy — no variant analysis needed.,30.0,1.0,1.0,1.0,0.0316,pipeline-owner,2026-06-20T13:48:38.364024
grid_corehours_calc,FRC-0f6b3c37,20260605,1.025,HIGH,GREEN,STABLE,2.9,stable,2.9,2.9,stable,2.9,,,,0.0323,-0.002117,0.1679,0.0871,1.0045,0.8571,False,,Sequence fitness 1.00 is healthy — no variant analysis needed.,30.0,1.0,1.05,1.0,0.0323,pipeline-owner,2026-06-20T13:48:38.387404
hdfs_replication_check,FRC-f4376f26,20260605,1.0,HIGH,GREEN,STABLE,4.5,stable,4.5,4.5,stable,4.5,,,,0.0364,-0.002257,0.1604,0.0697,1.0033,0.8646,False,,Sequence fitness 1.00 is healthy — no variant analysis needed.,30.0,1.0,1.0,1.0,0.0364,pipeline-owner,2026-06-20T13:48:38.412968
inference_batch_scoring,FRC-43dc1c4e,20260605,1.025,HIGH,GREEN,STABLE,25.2,stable,25.2,25.2,stable,25.2,,,,0.033,0.000738,0.1602,0.2409,0.9969,0.8648,False,,Sequence fitness 1.00 is healthy — no variant analysis needed.,30.0,1.0,1.05,1.0,0.033,pipeline-owner,2026-06-20T13:48:38.437957
kafka_compaction_job,FRC-f2a9dc32,20260605,1.0,HIGH,GREEN,STABLE,5.4,stable,5.4,5.4,stable,5.4,,,,0.0395,-0.000566,0.1538,-0.0228,0.9984,0.8712,False,,Sequence fitness 1.00 is healthy — no variant analysis needed.,30.0,1.0,1.0,1.0,0.0395,pipeline-owner,2026-06-20T13:48:38.463853
lgd_calculation_daily,FRC-9455f754,20260605,1.0,HIGH,GREEN,STABLE,5.7,stable,5.7,5.7,stable,5.7,,,,0.0267,9.2e-05,0.134,-0.0077,1.0051,0.891,False,,Sequence fitness 1.00 is healthy — no variant analysis needed.,30.0,1.0,1.0,1.0,0.0267,pipeline-owner,2026-06-20T13:48:38.489057
liquidity_reporting,FRC-140ac563,20260605,1.0,HIGH,GREEN,STABLE,34.2,stable,34.2,34.2,stable,34.2,,,,0.0286,0.000573,0.1104,0.0953,1.0027,0.9146,False,,Sequence fitness 1.00 is healthy — no variant analysis needed.,30.0,1.0,1.0,1.0,0.0286,pipeline-owner,2026-06-20T13:48:38.515844
mifid_trade_reporting,FRC-a9ecb086,20260605,1.025,HIGH,GREEN,STABLE,12.5,stable,12.5,12.5,stable,12.5,,,,0.0165,0.000289,0.0607,0.0293,1.0095,0.9643,False,,Sequence fitness 1.00 is healthy — no variant analysis needed.,30.0,1.0,1.05,1.0,0.0165,pipeline-owner,2026-06-20T13:48:38.540252
model_training_pipeline,FRC-1147b324,20260605,1.025,HIGH,GREEN,STABLE,4.2,stable,4.2,4.2,stable,4.2,,,,0.0322,-0.001033,0.1776,-0.0317,1.0058,0.8474,False,,Sequence fitness 1.00 is healthy — no variant analysis needed.,30.0,1.0,1.05,1.0,0.0322,pipeline-owner,2026-06-20T13:48:38.575651
payment_reconciliation,FRC-0eecd6a1,20260605,1.0,HIGH,GREEN,STABLE,3.8,stable,3.8,3.8,stable,3.8,,,,0.0354,-0.002204,0.1662,0.0273,1.0046,0.8588,False,,Sequence fitness 1.00 is healthy — no variant analysis needed.,30.0,1.0,1.0,1.0,0.0354,pipeline-owner,2026-06-20T13:48:38.603900
payment_settlements_daily,FRC-90d4a831,20260605,1.0,HIGH,GREEN,STABLE,5.0,stable,5.0,5.0,stable,5.0,,,,0.0406,0.000965,0.1552,0.0094,0.9953,0.8698,False,,Sequence fitness 1.00 is healthy — no variant analysis needed.,30.0,1.0,1.0,1.0,0.0406,pipeline-owner,2026-06-20T13:48:38.627737
pd_model_batch,FRC-a3830df0,20260605,1.0,HIGH,GREEN,STABLE,4.7,stable,4.7,4.7,stable,4.7,,,,0.0312,-0.001829,0.1641,0.0889,1.0052,0.8609,False,,Sequence fitness 1.00 is healthy — no variant analysis needed.,30.0,1.0,1.0,1.0,0.0312,pipeline-owner,2026-06-20T13:48:38.649695
positions_sftp_ingest,FRC-1f0703ba,20260605,1.0,HIGH,GREEN,STABLE,20.3,stable,20.3,20.3,stable,20.3,,,,0.0214,-0.001806,0.085,0.4169,1.0086,0.94,False,,Sequence fitness 1.00 is healthy — no variant analysis needed.,30.0,1.0,1.0,1.0,0.0214,pipeline-owner,2026-06-20T13:48:38.671971
raw_ingestion_pipeline,FRC-44ed2010,20260605,1.0,HIGH,GREEN,STABLE,4.5,stable,4.5,4.5,stable,4.5,,,,0.0176,4.5e-05,0.0756,-0.0066,1.005,0.9494,False,,Sequence fitness 1.00 is healthy — no variant analysis needed.,30.0,1.0,1.0,1.0,0.0176,pipeline-owner,2026-06-20T13:48:38.693914
regulatory_batch_dnb,FRC-b1e6b70a,20260605,1.0,HIGH,GREEN,STABLE,5.2,stable,5.2,5.2,stable,5.2,,,,0.0384,7.5e-05,0.1572,0.0015,0.9966,0.8678,False,,Sequence fitness 1.00 is healthy — no variant analysis needed.,30.0,1.0,1.0,1.0,0.0384,pipeline-owner,2026-06-20T13:48:38.715957
spark_batch_job,FRC-f1cf9f47,20260605,1.0,HIGH,GREEN,STABLE,6.7,stable,6.7,6.7,stable,6.7,,,,0.0369,-0.002021,0.156,0.0329,1.0005,0.869,False,,Sequence fitness 1.00 is healthy — no variant analysis needed.,30.0,1.0,1.0,1.0,0.0369,pipeline-owner,2026-06-20T13:48:38.737910
stress_test_scenario,FRC-9e0824ef,20260605,1.025,HIGH,GREEN,INTERMITTENT,1.3,stable,1.3,1.3,stable,1.3,,,,0.3216,0.002706,0.6,0.003,0.8346,0.425,False,,Sequence fitness 1.00 is healthy — no variant analysis needed.,30.0,1.0,1.05,1.0,0.3216,platform-infrastructure,2026-06-20T13:48:38.761258
transaction_screening,FRC-47ba874a,20260605,1.0,HIGH,GREEN,STABLE,5.0,stable,5.0,5.0,stable,5.0,,,,0.0377,0.000809,0.1596,0.003,0.9995,0.8654,False,,Sequence fitness 1.00 is healthy — no variant analysis needed.,30.0,1.0,1.0,1.0,0.0377,pipeline-owner,2026-06-20T13:48:38.806769
var_batch_processing,FRC-94e2dc53,20260605,1.025,HIGH,GREEN,STABLE,5.4,stable,5.4,5.4,stable,5.4,,,,0.0311,0.000659,0.1749,-0.0102,1.0035,0.8501,False,,Sequence fitness 1.00 is healthy — no variant analysis needed.,30.0,1.0,1.05,1.0,0.0311,pipeline-owner,2026-06-20T13:48:38.829517
collateral_valuation,FRC-0cb5fb6e,20260606,1.0,HIGH,GREEN,STABLE,13.9,stable,13.9,13.9,stable,13.9,,,,0.0312,-0.001986,0.1594,0.2649,1.0048,0.8656,False,,Sequence fitness 1.00 is healthy — no variant analysis needed.,30.0,1.0,1.0,1.0,0.0312,pipeline-owner,2026-06-20T13:48:38.854101
customer_risk_features,FRC-4aa3678b,20260606,1.0,HIGH,GREEN,INTERMITTENT,3.7,stable,3.7,3.7,stable,3.7,,,,0.3009,-0.000201,0.6,-0.0207,0.8362,0.425,False,,Sequence fitness 1.00 is healthy — no variant analysis needed.,30.0,1.0,1.0,1.0,0.3009,platform-infrastructure,2026-06-20T13:48:38.876805
dbt_model_runner,FRC-ed2958aa,20260606,1.025,HIGH,GREEN,DRIFTING,11.6,stable,11.6,11.6,stable,11.6,,,,0.0435,-0.003548,0.1536,0.2755,0.9951,0.8714,False,,Sequence fitness 1.00 is healthy — no variant analysis needed.,30.0,1.0,1.05,1.0,0.0435,pipeline-owner,2026-06-20T13:48:38.898987
delta_vacuum_runner,FRC-e23ba970,20260606,1.025,HIGH,GREEN,INTERMITTENT,1.1,stable,1.1,1.1,stable,1.1,,,,0.2142,-0.000878,0.6,0.0223,0.9254,0.425,False,,Sequence fitness 1.00 is healthy — no variant analysis needed.,30.0,1.0,1.05,1.0,0.2143,platform-infrastructure,2026-06-20T13:48:38.920901
etl_daily_transform,FRC-4052a9d3,20260606,1.025,HIGH,GREEN,STABLE,5.1,stable,5.1,5.1,stable,5.1,,,,0.0193,0.000104,0.1044,0.0028,1.0047,0.9206,False,,Sequence fitness 1.00 is healthy — no variant analysis needed.,30.0,1.0,1.05,1.0,0.0193,pipeline-owner,2026-06-20T13:48:38.942958
feature_store_refresh,FRC-034a3f56,20260606,0.425,UNRELIABLE,RED,INTERMITTENT,,,,,,,,,,0.3027,-0.002024,0.6,-0.0244,0.8474,0.425,False,,Variant comparison skipped: 0% trace completeness at grain='pipeline'. Low completeness at this grain level suggests row sampling rather than trace sampling. See deviations for the fix.,30.0,0.5,0.5,0.0,0.3027,platform-infrastructure,2026-06-20T13:48:38.960337
feature_validation_job,FRC-c1f86d79,20260606,1.0,HIGH,GREEN,STABLE,4.2,stable,4.2,4.2,stable,4.2,,,,0.0346,-6e-05,0.1522,-0.0055,1.0047,0.8728,False,,Sequence fitness 1.00 is healthy — no variant analysis needed.,30.0,1.0,1.0,1.0,0.0346,pipeline-owner,2026-06-20T13:48:38.982323
fx_rate_ingestion,FRC-a24407bf,20260606,1.025,HIGH,GREEN,STABLE,5.6,stable,5.6,5.6,stable,5.6,,,,0.0316,-0.001066,0.1621,-0.0078,1.0021,0.8629,False,,Sequence fitness 1.00 is healthy — no variant analysis needed.,30.0,1.0,1.05,1.0,0.0316,pipeline-owner,2026-06-20T13:48:39.004320
grid_corehours_calc,FRC-0f6b3c37,20260606,1.025,HIGH,GREEN,STABLE,5.0,stable,5.0,5.0,stable,5.0,,,,0.0323,-0.002117,0.1679,0.0871,1.0045,0.8571,False,,Sequence fitness 1.00 is healthy — no variant analysis needed.,30.0,1.0,1.05,1.0,0.0323,pipeline-owner,2026-06-20T13:48:39.025925
hdfs_replication_check,FRC-f4376f26,20260606,1.0,HIGH,GREEN,STABLE,5.4,stable,5.4,5.4,stable,5.4,,,,0.0364,-0.002257,0.1604,0.0697,1.0033,0.8646,False,,Sequence fitness 1.00 is healthy — no variant analysis needed.,30.0,1.0,1.0,1.0,0.0364,pipeline-owner,2026-06-20T13:48:39.047780
inference_batch_scoring,FRC-43dc1c4e,20260606,0.8648,HIGH,RED,STABLE,25.1,stable,25.1,25.1,stable,25.1,,,,0.033,0.000738,0.1602,0.2409,0.9969,0.8648,False,,Sequence fitness 1.00 is healthy — no variant analysis needed.,30.0,1.0,0.7297,1.0,0.033,pipeline-owner,2026-06-20T13:48:39.069746
kafka_compaction_job,FRC-f2a9dc32,20260606,0.9209,HIGH,AMBER,STABLE,4.3,stable,4.3,4.3,stable,4.3,,,,0.0395,-0.000566,0.1538,-0.0228,0.9984,0.8712,False,,Sequence fitness 1.00 is healthy — no variant analysis needed.,30.0,1.0,0.8418,1.0,0.0395,pipeline-owner,2026-06-20T13:48:39.093392
lgd_calculation_daily,FRC-9455f754,20260606,1.025,HIGH,GREEN,STABLE,4.5,stable,4.5,4.5,stable,4.5,,,,0.0267,9.2e-05,0.134,-0.0077,1.0051,0.891,False,,Sequence fitness 1.00 is healthy — no variant analysis needed.,30.0,1.0,1.05,1.0,0.0267,pipeline-owner,2026-06-20T13:48:39.117483
liquidity_reporting,FRC-140ac563,20260606,1.025,HIGH,GREEN,STABLE,30.1,stable,30.1,30.1,stable,30.1,,,,0.0286,0.000573,0.1104,0.0953,1.0027,0.9146,False,,Sequence fitness 1.00 is healthy — no variant analysis needed.,30.0,1.0,1.05,1.0,0.0286,pipeline-owner,2026-06-20T13:48:39.139212
mifid_trade_reporting,FRC-a9ecb086,20260606,1.0,HIGH,GREEN,STABLE,19.3,stable,19.3,19.3,stable,19.3,,,,0.0165,0.000289,0.0607,0.0293,1.0095,0.9643,False,,Sequence fitness 1.00 is healthy — no variant analysis needed.,30.0,1.0,1.0,1.0,0.0165,pipeline-owner,2026-06-20T13:48:39.161102
model_training_pipeline,FRC-1147b324,20260606,1.0,HIGH,GREEN,STABLE,5.6,stable,5.6,5.6,stable,5.6,,,,0.0322,-0.001033,0.1776,-0.0317,1.0058,0.8474,False,,Sequence fitness 1.00 is healthy — no variant analysis needed.,30.0,1.0,1.0,1.0,0.0322,pipeline-owner,2026-06-20T13:48:39.182783
payment_reconciliation,FRC-0eecd6a1,20260606,1.0,HIGH,GREEN,STABLE,6.1,stable,6.1,6.1,stable,6.1,,,,0.0354,-0.002204,0.1662,0.0273,1.0046,0.8588,False,,Sequence fitness 1.00 is healthy — no variant analysis needed.,30.0,1.0,1.0,1.0,0.0354,pipeline-owner,2026-06-20T13:48:39.204712
payment_settlements_daily,FRC-90d4a831,20260606,1.0,HIGH,GREEN,STABLE,5.7,stable,5.7,5.7,stable,5.7,,,,0.0406,0.000965,0.1552,0.0094,0.9953,0.8698,False,,Sequence fitness 1.00 is healthy — no variant analysis needed.,30.0,1.0,1.0,1.0,0.0406,pipeline-owner,2026-06-20T13:48:39.226649
pd_model_batch,FRC-a3830df0,20260606,1.0,HIGH,GREEN,STABLE,3.9,stable,3.9,3.9,stable,3.9,,,,0.0312,-0.001829,0.1641,0.0889,1.0052,0.8609,False,,Sequence fitness 1.00 is healthy — no variant analysis needed.,30.0,1.0,1.0,1.0,0.0312,pipeline-owner,2026-06-20T13:48:39.248353
positions_sftp_ingest,FRC-1f0703ba,20260606,1.0,HIGH,GREEN,STABLE,14.2,stable,14.2,14.2,stable,14.2,,,,0.0214,-0.001806,0.085,0.4169,1.0086,0.94,False,,Sequence fitness 1.00 is healthy — no variant analysis needed.,30.0,1.0,1.0,1.0,0.0214,pipeline-owner,2026-06-20T13:48:39.270627
raw_ingestion_pipeline,FRC-44ed2010,20260606,0.978,HIGH,AMBER,STABLE,5.4,stable,5.4,5.4,stable,5.4,,,,0.0176,4.5e-05,0.0756,-0.0066,1.005,0.9494,False,,Sequence fitness 1.00 is healthy — no variant analysis needed.,30.0,1.0,0.9561,1.0,0.0176,pipeline-owner,2026-06-20T13:48:39.292386
regulatory_batch_dnb,FRC-b1e6b70a,20260606,1.025,HIGH,GREEN,STABLE,5.5,stable,5.5,5.5,stable,5.5,,,,0.0384,7.5e-05,0.1572,0.0015,0.9966,0.8678,False,,Sequence fitness 1.00 is healthy — no variant analysis needed.,30.0,1.0,1.05,1.0,0.0384,pipeline-owner,2026-06-20T13:48:39.314146
spark_batch_job,FRC-f1cf9f47,20260606,1.0,HIGH,GREEN,STABLE,6.3,stable,6.3,6.3,stable,6.3,,,,0.0369,-0.002021,0.156,0.0329,1.0005,0.869,False,,Sequence fitness 1.00 is healthy — no variant analysis needed.,30.0,1.0,1.0,1.0,0.0369,pipeline-owner,2026-06-20T13:48:39.335955
stress_test_scenario,FRC-9e0824ef,20260606,1.0,HIGH,GREEN,INTERMITTENT,2.2,stable,2.2,2.2,stable,2.2,,,,0.3216,0.002706,0.6,0.003,0.8346,0.425,False,,Sequence fitness 1.00 is healthy — no variant analysis needed.,30.0,1.0,1.0,1.0,0.3216,platform-infrastructure,2026-06-20T13:48:39.357617
transaction_screening,FRC-47ba874a,20260606,1.025,HIGH,GREEN,STABLE,4.2,stable,4.2,4.2,stable,4.2,,,,0.0377,0.000809,0.1596,0.003,0.9995,0.8654,False,,Sequence fitness 1.00 is healthy — no variant analysis needed.,30.0,1.0,1.05,1.0,0.0377,pipeline-owner,2026-06-20T13:48:39.401406
var_batch_processing,FRC-94e2dc53,20260606,1.0,HIGH,GREEN,STABLE,5.5,stable,5.5,5.5,stable,5.5,,,,0.0311,0.000659,0.1749,-0.0102,1.0035,0.8501,False,,Sequence fitness 1.00 is healthy — no variant analysis needed.,30.0,1.0,1.0,1.0,0.0311,pipeline-owner,2026-06-20T13:48:39.423521
collateral_valuation,FRC-0cb5fb6e,20260607,1.025,HIGH,GREEN,STABLE,12.8,stable,12.8,12.8,stable,12.8,,,,0.0312,-0.001986,0.1594,0.2649,1.0048,0.8656,False,,Sequence fitness 1.00 is healthy — no variant analysis needed.,30.0,1.0,1.05,1.0,0.0312,pipeline-owner,2026-06-20T13:48:39.446869
customer_risk_features,FRC-4aa3678b,20260607,1.0,HIGH,GREEN,INTERMITTENT,2.2,stable,2.2,2.2,stable,2.2,,,,0.3009,-0.000201,0.6,-0.0207,0.8362,0.425,False,,Sequence fitness 1.00 is healthy — no variant analysis needed.,30.0,1.0,1.0,1.0,0.3009,platform-infrastructure,2026-06-20T13:48:39.469233
dbt_model_runner,FRC-ed2958aa,20260607,0.9556,HIGH,AMBER,DRIFTING,20.7,stable,20.7,20.7,stable,20.7,,,,0.0435,-0.003548,0.1536,0.2755,0.9951,0.8714,False,,Sequence fitness 1.00 is healthy — no variant analysis needed.,30.0,1.0,0.9111,1.0,0.0435,pipeline-owner,2026-06-20T13:48:39.491646
delta_vacuum_runner,FRC-e23ba970,20260607,0.425,UNRELIABLE,RED,INTERMITTENT,,,,,,,,,,0.2142,-0.000878,0.6,0.0223,0.9254,0.425,False,,Variant comparison skipped: 0% trace completeness at grain='pipeline'. Low completeness at this grain level suggests row sampling rather than trace sampling. See deviations for the fix.,30.0,0.5,0.5,0.0,0.2143,platform-infrastructure,2026-06-20T13:48:39.509479
etl_daily_transform,FRC-4052a9d3,20260607,0.9951,HIGH,AMBER,STABLE,5.1,stable,5.1,5.1,stable,5.1,,,,0.0193,0.000104,0.1044,0.0028,1.0047,0.9206,False,,Sequence fitness 1.00 is healthy — no variant analysis needed.,30.0,1.0,0.9902,1.0,0.0193,pipeline-owner,2026-06-20T13:48:39.531257
feature_store_refresh,FRC-034a3f56,20260607,0.425,UNRELIABLE,RED,INTERMITTENT,,,,,,,,,,0.3027,-0.002024,0.6,-0.0244,0.8474,0.425,False,,Variant comparison skipped: 0% trace completeness at grain='pipeline'. Low completeness at this grain level suggests row sampling rather than trace sampling. See deviations for the fix.,30.0,0.5,0.5,0.0,0.3027,platform-infrastructure,2026-06-20T13:48:39.548626
feature_validation_job,FRC-c1f86d79,20260607,0.8932,HIGH,AMBER,STABLE,4.6,stable,4.6,4.6,stable,4.6,,,,0.0346,-6e-05,0.1522,-0.0055,1.0047,0.8728,False,,Sequence fitness 1.00 is healthy — no variant analysis needed.,30.0,1.0,0.7863,1.0,0.0346,pipeline-owner,2026-06-20T13:48:39.570135
fx_rate_ingestion,FRC-a24407bf,20260607,0.9985,HIGH,AMBER,STABLE,5.8,stable,5.8,5.8,stable,5.8,,,,0.0316,-0.001066,0.1621,-0.0078,1.0021,0.8629,False,,Sequence fitness 1.00 is healthy — no variant analysis needed.,30.0,1.0,0.997,1.0,0.0316,pipeline-owner,2026-06-20T13:48:39.593935
grid_corehours_calc,FRC-0f6b3c37,20260607,1.0,HIGH,GREEN,STABLE,5.8,stable,5.8,5.8,stable,5.8,,,,0.0323,-0.002117,0.1679,0.0871,1.0045,0.8571,False,,Sequence fitness 1.00 is healthy — no variant analysis needed.,30.0,1.0,1.0,1.0,0.0323,pipeline-owner,2026-06-20T13:48:39.618618
hdfs_replication_check,FRC-f4376f26,20260607,1.0,HIGH,GREEN,STABLE,4.0,stable,4.0,4.0,stable,4.0,,,,0.0364,-0.002257,0.1604,0.0697,1.0033,0.8646,False,,Sequence fitness 1.00 is healthy — no variant analysis needed.,30.0,1.0,1.0,1.0,0.0364,pipeline-owner,2026-06-20T13:48:39.640716
inference_batch_scoring,FRC-43dc1c4e,20260607,1.0,HIGH,GREEN,STABLE,27.2,stable,27.2,27.2,stable,27.2,,,,0.033,0.000738,0.1602,0.2409,0.9969,0.8648,False,,Sequence fitness 1.00 is healthy — no variant analysis needed.,30.0,1.0,1.0,1.0,0.033,pipeline-owner,2026-06-20T13:48:39.663952
kafka_compaction_job,FRC-f2a9dc32,20260607,1.0,HIGH,GREEN,STABLE,5.5,stable,5.5,5.5,stable,5.5,,,,0.0395,-0.000566,0.1538,-0.0228,0.9984,0.8712,False,,Sequence fitness 1.00 is healthy — no variant analysis needed.,30.0,1.0,1.0,1.0,0.0395,pipeline-owner,2026-06-20T13:48:39.686205
lgd_calculation_daily,FRC-9455f754,20260607,1.025,HIGH,GREEN,STABLE,5.3,stable,5.3,5.3,stable,5.3,,,,0.0267,9.2e-05,0.134,-0.0077,1.0051,0.891,False,,Sequence fitness 1.00 is healthy — no variant analysis needed.,30.0,1.0,1.05,1.0,0.0267,pipeline-owner,2026-06-20T13:48:39.739937
liquidity_reporting,FRC-140ac563,20260607,1.0,HIGH,GREEN,STABLE,35.6,stable,35.6,35.6,stable,35.6,,,,0.0286,0.000573,0.1104,0.0953,1.0027,0.9146,False,,Sequence fitness 1.00 is healthy — no variant analysis needed.,30.0,1.0,1.0,1.0,0.0286,pipeline-owner,2026-06-20T13:48:39.761910
mifid_trade_reporting,FRC-a9ecb086,20260607,1.025,HIGH,GREEN,STABLE,13.8,stable,13.8,13.8,stable,13.8,,,,0.0165,0.000289,0.0607,0.0293,1.0095,0.9643,False,,Sequence fitness 1.00 is healthy — no variant analysis needed.,30.0,1.0,1.05,1.0,0.0165,pipeline-owner,2026-06-20T13:48:39.783959
model_training_pipeline,FRC-1147b324,20260607,0.9784,HIGH,AMBER,STABLE,1.9,stable,1.9,1.9,stable,1.9,,,,0.0322,-0.001033,0.1776,-0.0317,1.0058,0.8474,False,,Sequence fitness 1.00 is healthy — no variant analysis needed.,30.0,1.0,0.9567,1.0,0.0322,pipeline-owner,2026-06-20T13:48:39.806009
payment_reconciliation,FRC-0eecd6a1,20260607,1.0,HIGH,GREEN,STABLE,4.3,stable,4.3,4.3,stable,4.3,,,,0.0354,-0.002204,0.1662,0.0273,1.0046,0.8588,False,,Sequence fitness 1.00 is healthy — no variant analysis needed.,30.0,1.0,1.0,1.0,0.0354,pipeline-owner,2026-06-20T13:48:39.828596
payment_settlements_daily,FRC-90d4a831,20260607,1.0,HIGH,GREEN,STABLE,5.4,stable,5.4,5.4,stable,5.4,,,,0.0406,0.000965,0.1552,0.0094,0.9953,0.8698,False,,Sequence fitness 1.00 is healthy — no variant analysis needed.,30.0,1.0,1.0,1.0,0.0406,pipeline-owner,2026-06-20T13:48:39.850502
pd_model_batch,FRC-a3830df0,20260607,1.025,HIGH,GREEN,STABLE,6.1,stable,6.1,6.1,stable,6.1,,,,0.0312,-0.001829,0.1641,0.0889,1.0052,0.8609,False,,Sequence fitness 1.00 is healthy — no variant analysis needed.,30.0,1.0,1.05,1.0,0.0312,pipeline-owner,2026-06-20T13:48:39.872317
positions_sftp_ingest,FRC-1f0703ba,20260607,1.0,HIGH,GREEN,STABLE,18.9,stable,18.9,18.9,stable,18.9,,,,0.0214,-0.001806,0.085,0.4169,1.0086,0.94,False,,Sequence fitness 1.00 is healthy — no variant analysis needed.,30.0,1.0,1.0,1.0,0.0214,pipeline-owner,2026-06-20T13:48:39.894433
raw_ingestion_pipeline,FRC-44ed2010,20260607,1.0,HIGH,GREEN,STABLE,5.3,stable,5.3,5.3,stable,5.3,,,,0.0176,4.5e-05,0.0756,-0.0066,1.005,0.9494,False,,Sequence fitness 1.00 is healthy — no variant analysis needed.,30.0,1.0,1.0,1.0,0.0176,pipeline-owner,2026-06-20T13:48:39.916143
regulatory_batch_dnb,FRC-b1e6b70a,20260607,1.0,HIGH,GREEN,STABLE,4.1,stable,4.1,4.1,stable,4.1,,,,0.0384,7.5e-05,0.1572,0.0015,0.9966,0.8678,False,,Sequence fitness 1.00 is healthy — no variant analysis needed.,30.0,1.0,1.0,1.0,0.0384,pipeline-owner,2026-06-20T13:48:39.937965
spark_batch_job,FRC-f1cf9f47,20260607,1.0,HIGH,GREEN,STABLE,4.0,stable,4.0,4.0,stable,4.0,,,,0.0369,-0.002021,0.156,0.0329,1.0005,0.869,False,,Sequence fitness 1.00 is healthy — no variant analysis needed.,30.0,1.0,1.0,1.0,0.0369,pipeline-owner,2026-06-20T13:48:39.960211
stress_test_scenario,FRC-9e0824ef,20260607,1.025,HIGH,GREEN,INTERMITTENT,3.7,stable,3.7,3.7,stable,3.7,,,,0.3216,0.002706,0.6,0.003,0.8346,0.425,False,,Sequence fitness 1.00 is healthy — no variant analysis needed.,30.0,1.0,1.05,1.0,0.3216,platform-infrastructure,2026-06-20T13:48:39.982009
transaction_screening,FRC-47ba874a,20260607,0.8955,HIGH,AMBER,STABLE,5.1,stable,5.1,5.1,stable,5.1,,,,0.0377,0.000809,0.1596,0.003,0.9995,0.8654,False,,Sequence fitness 1.00 is healthy — no variant analysis needed.,30.0,1.0,0.791,1.0,0.0377,pipeline-owner,2026-06-20T13:48:40.025755
var_batch_processing,FRC-94e2dc53,20260607,0.9976,HIGH,AMBER,STABLE,5.5,stable,5.5,5.5,stable,5.5,,,,0.0311,0.000659,0.1749,-0.0102,1.0035,0.8501,False,,Sequence fitness 1.00 is healthy — no variant analysis needed.,30.0,1.0,0.9953,1.0,0.0311,pipeline-owner,2026-06-20T13:48:40.047566
collateral_valuation,FRC-0cb5fb6e,20260608,1.0,HIGH,GREEN,STABLE,17.3,stable,17.3,17.3,stable,17.3,,,,0.0312,-0.001986,0.1594,0.2649,1.0048,0.8656,False,,Sequence fitness 1.00 is healthy — no variant analysis needed.,30.0,1.0,1.0,1.0,0.0312,pipeline-owner,2026-06-20T13:48:40.070861
customer_risk_features,FRC-4aa3678b,20260608,0.425,UNRELIABLE,RED,INTERMITTENT,,,,,,,,,,0.3009,-0.000201,0.6,-0.0207,0.8362,0.425,False,,Variant comparison skipped: 0% trace completeness at grain='pipeline'. Low completeness at this grain level suggests row sampling rather than trace sampling. See deviations for the fix.,30.0,0.5,0.5,0.0,0.3009,platform-infrastructure,2026-06-20T13:48:40.088708
dbt_model_runner,FRC-ed2958aa,20260608,1.0,HIGH,GREEN,DRIFTING,12.6,stable,12.6,12.6,stable,12.6,,,,0.0435,-0.003548,0.1536,0.2755,0.9951,0.8714,False,,Sequence fitness 1.00 is healthy — no variant analysis needed.,30.0,1.0,1.0,1.0,0.0435,pipeline-owner,2026-06-20T13:48:40.111580
delta_vacuum_runner,FRC-e23ba970,20260608,1.0,HIGH,GREEN,INTERMITTENT,0.4,stable,0.4,0.4,stable,0.4,,,,0.2142,-0.000878,0.6,0.0223,0.9254,0.425,False,,Sequence fitness 1.00 is healthy — no variant analysis needed.,30.0,1.0,1.0,1.0,0.2143,platform-infrastructure,2026-06-20T13:48:40.133869
etl_daily_transform,FRC-4052a9d3,20260608,1.0,HIGH,GREEN,STABLE,5.4,stable,5.4,5.4,stable,5.4,,,,0.0193,0.000104,0.1044,0.0028,1.0047,0.9206,False,,Sequence fitness 1.00 is healthy — no variant analysis needed.,30.0,1.0,1.0,1.0,0.0193,pipeline-owner,2026-06-20T13:48:40.155434
feature_store_refresh,FRC-034a3f56,20260608,1.0,HIGH,GREEN,INTERMITTENT,0.9,stable,0.9,0.9,stable,0.9,,,,0.3027,-0.002024,0.6,-0.0244,0.8474,0.425,False,,Sequence fitness 1.00 is healthy — no variant analysis needed.,30.0,1.0,1.0,1.0,0.3027,platform-infrastructure,2026-06-20T13:48:40.177013
feature_validation_job,FRC-c1f86d79,20260608,1.025,HIGH,GREEN,STABLE,5.5,stable,5.5,5.5,stable,5.5,,,,0.0346,-6e-05,0.1522,-0.0055,1.0047,0.8728,False,,Sequence fitness 1.00 is healthy — no variant analysis needed.,30.0,1.0,1.05,1.0,0.0346,pipeline-owner,2026-06-20T13:48:40.198829
fx_rate_ingestion,FRC-a24407bf,20260608,1.025,HIGH,GREEN,STABLE,4.5,stable,4.5,4.5,stable,4.5,,,,0.0316,-0.001066,0.1621,-0.0078,1.0021,0.8629,False,,Sequence fitness 1.00 is healthy — no variant analysis needed.,30.0,1.0,1.05,1.0,0.0316,pipeline-owner,2026-06-20T13:48:40.220494
grid_corehours_calc,FRC-0f6b3c37,20260608,1.0,HIGH,GREEN,STABLE,6.2,stable,6.2,6.2,stable,6.2,,,,0.0323,-0.002117,0.1679,0.0871,1.0045,0.8571,False,,Sequence fitness 1.00 is healthy — no variant analysis needed.,30.0,1.0,1.0,1.0,0.0323,pipeline-owner,2026-06-20T13:48:40.241977
hdfs_replication_check,FRC-f4376f26,20260608,1.0,HIGH,GREEN,STABLE,3.5,stable,3.5,3.5,stable,3.5,,,,0.0364,-0.002257,0.1604,0.0697,1.0033,0.8646,False,,Sequence fitness 1.00 is healthy — no variant analysis needed.,30.0,1.0,1.0,1.0,0.0364,pipeline-owner,2026-06-20T13:48:40.263884
inference_batch_scoring,FRC-43dc1c4e,20260608,1.0,HIGH,GREEN,STABLE,23.0,stable,23.0,23.0,stable,23.0,,,,0.033,0.000738,0.1602,0.2409,0.9969,0.8648,False,,Sequence fitness 1.00 is healthy — no variant analysis needed.,30.0,1.0,1.0,1.0,0.033,pipeline-owner,2026-06-20T13:48:40.285622
kafka_compaction_job,FRC-f2a9dc32,20260608,1.025,HIGH,GREEN,STABLE,5.1,stable,5.1,5.1,stable,5.1,,,,0.0395,-0.000566,0.1538,-0.0228,0.9984,0.8712,False,,Sequence fitness 1.00 is healthy — no variant analysis needed.,30.0,1.0,1.05,1.0,0.0395,pipeline-owner,2026-06-20T13:48:40.307836
lgd_calculation_daily,FRC-9455f754,20260608,1.0,HIGH,GREEN,STABLE,5.9,stable,5.9,5.9,stable,5.9,,,,0.0267,9.2e-05,0.134,-0.0077,1.0051,0.891,False,,Sequence fitness 1.00 is healthy — no variant analysis needed.,30.0,1.0,1.0,1.0,0.0267,pipeline-owner,2026-06-20T13:48:40.329926
liquidity_reporting,FRC-140ac563,20260608,1.0,HIGH,GREEN,STABLE,34.5,stable,34.5,34.5,stable,34.5,,,,0.0286,0.000573,0.1104,0.0953,1.0027,0.9146,False,,Sequence fitness 1.00 is healthy — no variant analysis needed.,30.0,1.0,1.0,1.0,0.0286,pipeline-owner,2026-06-20T13:48:40.351278
mifid_trade_reporting,FRC-a9ecb086,20260608,1.025,HIGH,GREEN,STABLE,14.8,stable,14.8,14.8,stable,14.8,,,,0.0165,0.000289,0.0607,0.0293,1.0095,0.9643,False,,Sequence fitness 1.00 is healthy — no variant analysis needed.,30.0,1.0,1.05,1.0,0.0165,pipeline-owner,2026-06-20T13:48:40.373047
model_training_pipeline,FRC-1147b324,20260608,1.0,HIGH,GREEN,STABLE,5.5,stable,5.5,5.5,stable,5.5,,,,0.0322,-0.001033,0.1776,-0.0317,1.0058,0.8474,False,,Sequence fitness 1.00 is healthy — no variant analysis needed.,30.0,1.0,1.0,1.0,0.0322,pipeline-owner,2026-06-20T13:48:40.394684
payment_reconciliation,FRC-0eecd6a1,20260608,1.0,HIGH,GREEN,STABLE,6.7,stable,6.7,6.7,stable,6.7,,,,0.0354,-0.002204,0.1662,0.0273,1.0046,0.8588,False,,Sequence fitness 1.00 is healthy — no variant analysis needed.,30.0,1.0,1.0,1.0,0.0354,pipeline-owner,2026-06-20T13:48:40.416625
payment_settlements_daily,FRC-90d4a831,20260608,1.0,HIGH,GREEN,STABLE,4.1,stable,4.1,4.1,stable,4.1,,,,0.0406,0.000965,0.1552,0.0094,0.9953,0.8698,False,,Sequence fitness 1.00 is healthy — no variant analysis needed.,30.0,1.0,1.0,1.0,0.0406,pipeline-owner,2026-06-20T13:48:40.438394
pd_model_batch,FRC-a3830df0,20260608,1.0,HIGH,GREEN,STABLE,6.7,stable,6.7,6.7,stable,6.7,,,,0.0312,-0.001829,0.1641,0.0889,1.0052,0.8609,False,,Sequence fitness 1.00 is healthy — no variant analysis needed.,30.0,1.0,1.0,1.0,0.0312,pipeline-owner,2026-06-20T13:48:40.460120
positions_sftp_ingest,FRC-1f0703ba,20260608,1.0,HIGH,GREEN,STABLE,13.5,stable,13.5,13.5,stable,13.5,,,,0.0214,-0.001806,0.085,0.4169,1.0086,0.94,False,,Sequence fitness 1.00 is healthy — no variant analysis needed.,30.0,1.0,1.0,1.0,0.0214,pipeline-owner,2026-06-20T13:48:40.482943
raw_ingestion_pipeline,FRC-44ed2010,20260608,1.025,HIGH,GREEN,STABLE,5.8,stable,5.8,5.8,stable,5.8,,,,0.0176,4.5e-05,0.0756,-0.0066,1.005,0.9494,False,,Sequence fitness 1.00 is healthy — no variant analysis needed.,30.0,1.0,1.05,1.0,0.0176,pipeline-owner,2026-06-20T13:48:40.504908
regulatory_batch_dnb,FRC-b1e6b70a,20260608,0.9224,HIGH,AMBER,STABLE,5.1,stable,5.1,5.1,stable,5.1,,,,0.0384,7.5e-05,0.1572,0.0015,0.9966,0.8678,False,,Sequence fitness 1.00 is healthy — no variant analysis needed.,30.0,1.0,0.8448,1.0,0.0384,pipeline-owner,2026-06-20T13:48:40.527982
spark_batch_job,FRC-f1cf9f47,20260608,1.0,HIGH,GREEN,STABLE,4.5,stable,4.5,4.5,stable,4.5,,,,0.0369,-0.002021,0.156,0.0329,1.0005,0.869,False,,Sequence fitness 1.00 is healthy — no variant analysis needed.,30.0,1.0,1.0,1.0,0.0369,pipeline-owner,2026-06-20T13:48:40.549903
stress_test_scenario,FRC-9e0824ef,20260608,1.0,HIGH,GREEN,INTERMITTENT,1.7,stable,1.7,1.7,stable,1.7,,,,0.3216,0.002706,0.6,0.003,0.8346,0.425,False,,Sequence fitness 1.00 is healthy — no variant analysis needed.,30.0,1.0,1.0,1.0,0.3216,platform-infrastructure,2026-06-20T13:48:40.571617
transaction_screening,FRC-47ba874a,20260608,1.0,HIGH,GREEN,STABLE,5.5,stable,5.5,5.5,stable,5.5,,,,0.0377,0.000809,0.1596,0.003,0.9995,0.8654,False,,Sequence fitness 1.00 is healthy — no variant analysis needed.,30.0,1.0,1.0,1.0,0.0377,pipeline-owner,2026-06-20T13:48:40.615735
var_batch_processing,FRC-94e2dc53,20260608,1.0,HIGH,GREEN,STABLE,3.7,stable,3.7,3.7,stable,3.7,,,,0.0311,0.000659,0.1749,-0.0102,1.0035,0.8501,False,,Sequence fitness 1.00 is healthy — no variant analysis needed.,30.0,1.0,1.0,1.0,0.0311,pipeline-owner,2026-06-20T13:48:40.637857
collateral_valuation,FRC-0cb5fb6e,20260609,1.0,HIGH,GREEN,STABLE,12.2,stable,12.2,12.2,stable,12.2,,,,0.0312,-0.001986,0.1594,0.2649,1.0048,0.8656,False,,Sequence fitness 1.00 is healthy — no variant analysis needed.,30.0,1.0,1.0,1.0,0.0312,pipeline-owner,2026-06-20T13:48:40.660831
customer_risk_features,FRC-4aa3678b,20260609,0.8976,HIGH,AMBER,INTERMITTENT,0.7,stable,0.7,0.7,stable,0.7,,,,0.3009,-0.000201,0.6,-0.0207,0.8362,0.425,False,,Sequence fitness 1.00 is healthy — no variant analysis needed.,30.0,1.0,0.7953,1.0,0.3009,platform-infrastructure,2026-06-20T13:48:40.682993
dbt_model_runner,FRC-ed2958aa,20260609,1.0,HIGH,GREEN,DRIFTING,13.2,stable,13.2,13.2,stable,13.2,,,,0.0435,-0.003548,0.1536,0.2755,0.9951,0.8714,False,,Sequence fitness 1.00 is healthy — no variant analysis needed.,30.0,1.0,1.0,1.0,0.0435,pipeline-owner,2026-06-20T13:48:40.705061
delta_vacuum_runner,FRC-e23ba970,20260609,1.025,HIGH,GREEN,INTERMITTENT,1.1,stable,1.1,1.1,stable,1.1,,,,0.2142,-0.000878,0.6,0.0223,0.9254,0.425,False,,Sequence fitness 1.00 is healthy — no variant analysis needed.,30.0,1.0,1.05,1.0,0.2143,platform-infrastructure,2026-06-20T13:48:40.726921
etl_daily_transform,FRC-4052a9d3,20260609,1.0,HIGH,GREEN,STABLE,5.1,stable,5.1,5.1,stable,5.1,,,,0.0193,0.000104,0.1044,0.0028,1.0047,0.9206,False,,Sequence fitness 1.00 is healthy — no variant analysis needed.,30.0,1.0,1.0,1.0,0.0193,pipeline-owner,2026-06-20T13:48:40.748745
feature_store_refresh,FRC-034a3f56,20260609,1.0,HIGH,GREEN,INTERMITTENT,2.0,stable,2.0,2.0,stable,2.0,,,,0.3027,-0.002024,0.6,-0.0244,0.8474,0.425,False,,Sequence fitness 1.00 is healthy — no variant analysis needed.,30.0,1.0,1.0,1.0,0.3027,platform-infrastructure,2026-06-20T13:48:40.770205
feature_validation_job,FRC-c1f86d79,20260609,1.0,HIGH,GREEN,STABLE,5.1,stable,5.1,5.1,stable,5.1,,,,0.0346,-6e-05,0.1522,-0.0055,1.0047,0.8728,False,,Sequence fitness 1.00 is healthy — no variant analysis needed.,30.0,1.0,1.0,1.0,0.0346,pipeline-owner,2026-06-20T13:48:40.791836
fx_rate_ingestion,FRC-a24407bf,20260609,1.0,HIGH,GREEN,STABLE,5.4,stable,5.4,5.4,stable,5.4,,,,0.0316,-0.001066,0.1621,-0.0078,1.0021,0.8629,False,,Sequence fitness 1.00 is healthy — no variant analysis needed.,30.0,1.0,1.0,1.0,0.0316,pipeline-owner,2026-06-20T13:48:40.813760
grid_corehours_calc,FRC-0f6b3c37,20260609,0.9496,HIGH,AMBER,STABLE,5.1,stable,5.1,5.1,stable,5.1,,,,0.0323,-0.002117,0.1679,0.0871,1.0045,0.8571,False,,Sequence fitness 1.00 is healthy — no variant analysis needed.,30.0,1.0,0.8992,1.0,0.0323,pipeline-owner,2026-06-20T13:48:40.835788
hdfs_replication_check,FRC-f4376f26,20260609,0.8646,HIGH,RED,STABLE,5.7,stable,5.7,5.7,stable,5.7,,,,0.0364,-0.002257,0.1604,0.0697,1.0033,0.8646,False,,Sequence fitness 1.00 is healthy — no variant analysis needed.,30.0,1.0,0.7292,1.0,0.0364,pipeline-owner,2026-06-20T13:48:40.858018
inference_batch_scoring,FRC-43dc1c4e,20260609,1.025,HIGH,GREEN,STABLE,24.5,stable,24.5,24.5,stable,24.5,,,,0.033,0.000738,0.1602,0.2409,0.9969,0.8648,False,,Sequence fitness 1.00 is healthy — no variant analysis needed.,30.0,1.0,1.05,1.0,0.033,pipeline-owner,2026-06-20T13:48:40.879717
kafka_compaction_job,FRC-f2a9dc32,20260609,0.8712,HIGH,RED,STABLE,5.7,stable,5.7,5.7,stable,5.7,,,,0.0395,-0.000566,0.1538,-0.0228,0.9984,0.8712,False,,Sequence fitness 1.00 is healthy — no variant analysis needed.,30.0,1.0,0.7425,1.0,0.0395,pipeline-owner,2026-06-20T13:48:40.901384
lgd_calculation_daily,FRC-9455f754,20260609,1.0,HIGH,GREEN,STABLE,5.1,stable,5.1,5.1,stable,5.1,,,,0.0267,9.2e-05,0.134,-0.0077,1.0051,0.891,False,,Sequence fitness 1.00 is healthy — no variant analysis needed.,30.0,1.0,1.0,1.0,0.0267,pipeline-owner,2026-06-20T13:48:40.923147
liquidity_reporting,FRC-140ac563,20260609,1.0,HIGH,GREEN,STABLE,31.7,stable,31.7,31.7,stable,31.7,,,,0.0286,0.000573,0.1104,0.0953,1.0027,0.9146,False,,Sequence fitness 1.00 is healthy — no variant analysis needed.,30.0,1.0,1.0,1.0,0.0286,pipeline-owner,2026-06-20T13:48:40.944853
mifid_trade_reporting,FRC-a9ecb086,20260609,1.0,HIGH,GREEN,STABLE,18.8,stable,18.8,18.8,stable,18.8,,,,0.0165,0.000289,0.0607,0.0293,1.0095,0.9643,False,,Sequence fitness 1.00 is healthy — no variant analysis needed.,30.0,1.0,1.0,1.0,0.0165,pipeline-owner,2026-06-20T13:48:40.966657
model_training_pipeline,FRC-1147b324,20260609,1.0,HIGH,GREEN,STABLE,1.8,stable,1.8,1.8,stable,1.8,,,,0.0322,-0.001033,0.1776,-0.0317,1.0058,0.8474,False,,Sequence fitness 1.00 is healthy — no variant analysis needed.,30.0,1.0,1.0,1.0,0.0322,pipeline-owner,2026-06-20T13:48:40.988486
payment_reconciliation,FRC-0eecd6a1,20260609,1.0,HIGH,GREEN,STABLE,5.6,stable,5.6,5.6,stable,5.6,,,,0.0354,-0.002204,0.1662,0.0273,1.0046,0.8588,False,,Sequence fitness 1.00 is healthy — no variant analysis needed.,30.0,1.0,1.0,1.0,0.0354,pipeline-owner,2026-06-20T13:48:41.010135
payment_settlements_daily,FRC-90d4a831,20260609,1.0,HIGH,GREEN,STABLE,5.9,stable,5.9,5.9,stable,5.9,,,,0.0406,0.000965,0.1552,0.0094,0.9953,0.8698,False,,Sequence fitness 1.00 is healthy — no variant analysis needed.,30.0,1.0,1.0,1.0,0.0406,pipeline-owner,2026-06-20T13:48:41.031964
pd_model_batch,FRC-a3830df0,20260609,1.0,HIGH,GREEN,STABLE,4.1,stable,4.1,4.1,stable,4.1,,,,0.0312,-0.001829,0.1641,0.0889,1.0052,0.8609,False,,Sequence fitness 1.00 is healthy — no variant analysis needed.,30.0,1.0,1.0,1.0,0.0312,pipeline-owner,2026-06-20T13:48:41.054291
positions_sftp_ingest,FRC-1f0703ba,20260609,1.0,HIGH,GREEN,STABLE,21.4,stable,21.4,21.4,stable,21.4,,,,0.0214,-0.001806,0.085,0.4169,1.0086,0.94,False,,Sequence fitness 1.00 is healthy — no variant analysis needed.,30.0,1.0,1.0,1.0,0.0214,pipeline-owner,2026-06-20T13:48:41.076510
raw_ingestion_pipeline,FRC-44ed2010,20260609,1.025,HIGH,GREEN,STABLE,4.7,stable,4.7,4.7,stable,4.7,,,,0.0176,4.5e-05,0.0756,-0.0066,1.005,0.9494,False,,Sequence fitness 1.00 is healthy — no variant analysis needed.,30.0,1.0,1.05,1.0,0.0176,pipeline-owner,2026-06-20T13:48:41.099349
regulatory_batch_dnb,FRC-b1e6b70a,20260609,1.0,HIGH,GREEN,STABLE,5.9,stable,5.9,5.9,stable,5.9,,,,0.0384,7.5e-05,0.1572,0.0015,0.9966,0.8678,False,,Sequence fitness 1.00 is healthy — no variant analysis needed.,30.0,1.0,1.0,1.0,0.0384,pipeline-owner,2026-06-20T13:48:41.121623
spark_batch_job,FRC-f1cf9f47,20260609,1.0,HIGH,GREEN,STABLE,6.2,stable,6.2,6.2,stable,6.2,,,,0.0369,-0.002021,0.156,0.0329,1.0005,0.869,False,,Sequence fitness 1.00 is healthy — no variant analysis needed.,30.0,1.0,1.0,1.0,0.0369,pipeline-owner,2026-06-20T13:48:41.143386
stress_test_scenario,FRC-9e0824ef,20260609,0.425,UNRELIABLE,RED,INTERMITTENT,,,,,,,,,,0.3216,0.002706,0.6,0.003,0.8346,0.425,False,,Variant comparison skipped: 0% trace completeness at grain='pipeline'. Low completeness at this grain level suggests row sampling rather than trace sampling. See deviations for the fix.,30.0,0.5,0.5,0.0,0.3216,platform-infrastructure,2026-06-20T13:48:41.160715
transaction_screening,FRC-47ba874a,20260609,1.0,HIGH,GREEN,STABLE,6.0,stable,6.0,6.0,stable,6.0,,,,0.0377,0.000809,0.1596,0.003,0.9995,0.8654,False,,Sequence fitness 1.00 is healthy — no variant analysis needed.,30.0,1.0,1.0,1.0,0.0377,pipeline-owner,2026-06-20T13:48:41.204379
var_batch_processing,FRC-94e2dc53,20260609,1.0,HIGH,GREEN,STABLE,5.4,stable,5.4,5.4,stable,5.4,,,,0.0311,0.000659,0.1749,-0.0102,1.0035,0.8501,False,,Sequence fitness 1.00 is healthy — no variant analysis needed.,30.0,1.0,1.0,1.0,0.0311,pipeline-owner,2026-06-20T13:48:41.225949
collateral_valuation,FRC-0cb5fb6e,20260610,0.9428,HIGH,AMBER,STABLE,14.0,stable,14.0,14.0,stable,14.0,,,,0.0312,-0.001986,0.1594,0.2649,1.0048,0.8656,False,,Sequence fitness 1.00 is healthy — no variant analysis needed.,30.0,1.0,0.8855,1.0,0.0312,pipeline-owner,2026-06-20T13:48:41.248711
customer_risk_features,FRC-4aa3678b,20260610,1.0,HIGH,GREEN,INTERMITTENT,3.4,stable,3.4,3.4,stable,3.4,,,,0.3009,-0.000201,0.6,-0.0207,0.8362,0.425,False,,Sequence fitness 1.00 is healthy — no variant analysis needed.,30.0,1.0,1.0,1.0,0.3009,platform-infrastructure,2026-06-20T13:48:41.270774
dbt_model_runner,FRC-ed2958aa,20260610,1.0,HIGH,GREEN,DRIFTING,19.0,stable,19.0,19.0,stable,19.0,,,,0.0435,-0.003548,0.1536,0.2755,0.9951,0.8714,False,,Sequence fitness 1.00 is healthy — no variant analysis needed.,30.0,1.0,1.0,1.0,0.0435,pipeline-owner,2026-06-20T13:48:41.293219
delta_vacuum_runner,FRC-e23ba970,20260610,1.025,HIGH,GREEN,INTERMITTENT,2.7,stable,2.7,2.7,stable,2.7,,,,0.2142,-0.000878,0.6,0.0223,0.9254,0.425,False,,Sequence fitness 1.00 is healthy — no variant analysis needed.,30.0,1.0,1.05,1.0,0.2143,platform-infrastructure,2026-06-20T13:48:41.314892
etl_daily_transform,FRC-4052a9d3,20260610,1.0,HIGH,GREEN,STABLE,4.9,stable,4.9,4.9,stable,4.9,,,,0.0193,0.000104,0.1044,0.0028,1.0047,0.9206,False,,Sequence fitness 1.00 is healthy — no variant analysis needed.,30.0,1.0,1.0,1.0,0.0193,pipeline-owner,2026-06-20T13:48:41.336650
feature_store_refresh,FRC-034a3f56,20260610,0.9237,HIGH,AMBER,INTERMITTENT,2.8,stable,2.8,2.8,stable,2.8,,,,0.3027,-0.002024,0.6,-0.0244,0.8474,0.425,False,,Sequence fitness 1.00 is healthy — no variant analysis needed.,30.0,1.0,0.8474,1.0,0.3027,platform-infrastructure,2026-06-20T13:48:41.358366
feature_validation_job,FRC-c1f86d79,20260610,1.0,HIGH,GREEN,STABLE,5.9,stable,5.9,5.9,stable,5.9,,,,0.0346,-6e-05,0.1522,-0.0055,1.0047,0.8728,False,,Sequence fitness 1.00 is healthy — no variant analysis needed.,30.0,1.0,1.0,1.0,0.0346,pipeline-owner,2026-06-20T13:48:41.380062
fx_rate_ingestion,FRC-a24407bf,20260610,1.0,HIGH,GREEN,STABLE,5.8,stable,5.8,5.8,stable,5.8,,,,0.0316,-0.001066,0.1621,-0.0078,1.0021,0.8629,False,,Sequence fitness 1.00 is healthy — no variant analysis needed.,30.0,1.0,1.0,1.0,0.0316,pipeline-owner,2026-06-20T13:48:41.401715
grid_corehours_calc,FRC-0f6b3c37,20260610,1.0,HIGH,GREEN,STABLE,6.4,stable,6.4,6.4,stable,6.4,,,,0.0323,-0.002117,0.1679,0.0871,1.0045,0.8571,False,,Sequence fitness 1.00 is healthy — no variant analysis needed.,30.0,1.0,1.0,1.0,0.0323,pipeline-owner,2026-06-20T13:48:41.423309
hdfs_replication_check,FRC-f4376f26,20260610,1.0,HIGH,GREEN,STABLE,6.4,stable,6.4,6.4,stable,6.4,,,,0.0364,-0.002257,0.1604,0.0697,1.0033,0.8646,False,,Sequence fitness 1.00 is healthy — no variant analysis needed.,30.0,1.0,1.0,1.0,0.0364,pipeline-owner,2026-06-20T13:48:41.445743
inference_batch_scoring,FRC-43dc1c4e,20260610,1.025,HIGH,GREEN,STABLE,28.5,stable,28.5,28.5,stable,28.5,,,,0.033,0.000738,0.1602,0.2409,0.9969,0.8648,False,,Sequence fitness 1.00 is healthy — no variant analysis needed.,30.0,1.0,1.05,1.0,0.033,pipeline-owner,2026-06-20T13:48:41.469064
kafka_compaction_job,FRC-f2a9dc32,20260610,1.0,HIGH,GREEN,STABLE,4.7,stable,4.7,4.7,stable,4.7,,,,0.0395,-0.000566,0.1538,-0.0228,0.9984,0.8712,False,,Sequence fitness 1.00 is healthy — no variant analysis needed.,30.0,1.0,1.0,1.0,0.0395,pipeline-owner,2026-06-20T13:48:41.491610
lgd_calculation_daily,FRC-9455f754,20260610,1.0,HIGH,GREEN,STABLE,4.9,stable,4.9,4.9,stable,4.9,,,,0.0267,9.2e-05,0.134,-0.0077,1.0051,0.891,False,,Sequence fitness 1.00 is healthy — no variant analysis needed.,30.0,1.0,1.0,1.0,0.0267,pipeline-owner,2026-06-20T13:48:41.514418
liquidity_reporting,FRC-140ac563,20260610,1.0,HIGH,GREEN,STABLE,34.8,stable,34.8,34.8,stable,34.8,,,,0.0286,0.000573,0.1104,0.0953,1.0027,0.9146,False,,Sequence fitness 1.00 is healthy — no variant analysis needed.,30.0,1.0,1.0,1.0,0.0286,pipeline-owner,2026-06-20T13:48:41.536987
mifid_trade_reporting,FRC-a9ecb086,20260610,1.0,HIGH,GREEN,STABLE,14.6,stable,14.6,14.6,stable,14.6,,,,0.0165,0.000289,0.0607,0.0293,1.0095,0.9643,False,,Sequence fitness 1.00 is healthy — no variant analysis needed.,30.0,1.0,1.0,1.0,0.0165,pipeline-owner,2026-06-20T13:48:41.559322
model_training_pipeline,FRC-1147b324,20260610,1.025,HIGH,GREEN,STABLE,4.3,stable,4.3,4.3,stable,4.3,,,,0.0322,-0.001033,0.1776,-0.0317,1.0058,0.8474,False,,Sequence fitness 1.00 is healthy — no variant analysis needed.,30.0,1.0,1.05,1.0,0.0322,pipeline-owner,2026-06-20T13:48:41.580897
payment_reconciliation,FRC-0eecd6a1,20260610,1.025,HIGH,GREEN,STABLE,6.0,stable,6.0,6.0,stable,6.0,,,,0.0354,-0.002204,0.1662,0.0273,1.0046,0.8588,False,,Sequence fitness 1.00 is healthy — no variant analysis needed.,30.0,1.0,1.05,1.0,0.0354,pipeline-owner,2026-06-20T13:48:41.602798
payment_settlements_daily,FRC-90d4a831,20260610,1.0,HIGH,GREEN,STABLE,4.9,stable,4.9,4.9,stable,4.9,,,,0.0406,0.000965,0.1552,0.0094,0.9953,0.8698,False,,Sequence fitness 1.00 is healthy — no variant analysis needed.,30.0,1.0,1.0,1.0,0.0406,pipeline-owner,2026-06-20T13:48:41.624818
pd_model_batch,FRC-a3830df0,20260610,1.025,HIGH,GREEN,STABLE,5.4,stable,5.4,5.4,stable,5.4,,,,0.0312,-0.001829,0.1641,0.0889,1.0052,0.8609,False,,Sequence fitness 1.00 is healthy — no variant analysis needed.,30.0,1.0,1.05,1.0,0.0312,pipeline-owner,2026-06-20T13:48:41.646879
positions_sftp_ingest,FRC-1f0703ba,20260610,0.943,HIGH,AMBER,STABLE,15.2,stable,15.2,15.2,stable,15.2,,,,0.0214,-0.001806,0.085,0.4169,1.0086,0.94,False,,Sequence fitness 1.00 is healthy — no variant analysis needed.,30.0,1.0,0.8859,1.0,0.0214,pipeline-owner,2026-06-20T13:48:41.668791
raw_ingestion_pipeline,FRC-44ed2010,20260610,1.0,HIGH,GREEN,STABLE,4.5,stable,4.5,4.5,stable,4.5,,,,0.0176,4.5e-05,0.0756,-0.0066,1.005,0.9494,False,,Sequence fitness 1.00 is healthy — no variant analysis needed.,30.0,1.0,1.0,1.0,0.0176,pipeline-owner,2026-06-20T13:48:41.690593
regulatory_batch_dnb,FRC-b1e6b70a,20260610,0.969,HIGH,AMBER,STABLE,4.2,stable,4.2,4.2,stable,4.2,,,,0.0384,7.5e-05,0.1572,0.0015,0.9966,0.8678,False,,Sequence fitness 1.00 is healthy — no variant analysis needed.,30.0,1.0,0.938,1.0,0.0384,pipeline-owner,2026-06-20T13:48:41.712229
spark_batch_job,FRC-f1cf9f47,20260610,1.0,HIGH,GREEN,STABLE,6.1,stable,6.1,6.1,stable,6.1,,,,0.0369,-0.002021,0.156,0.0329,1.0005,0.869,False,,Sequence fitness 1.00 is healthy — no variant analysis needed.,30.0,1.0,1.0,1.0,0.0369,pipeline-owner,2026-06-20T13:48:41.733970
stress_test_scenario,FRC-9e0824ef,20260610,1.025,HIGH,GREEN,INTERMITTENT,2.6,stable,2.6,2.6,stable,2.6,,,,0.3216,0.002706,0.6,0.003,0.8346,0.425,False,,Sequence fitness 1.00 is healthy — no variant analysis needed.,30.0,1.0,1.05,1.0,0.3216,platform-infrastructure,2026-06-20T13:48:41.755725
transaction_screening,FRC-47ba874a,20260610,1.025,HIGH,GREEN,STABLE,4.7,stable,4.7,4.7,stable,4.7,,,,0.0377,0.000809,0.1596,0.003,0.9995,0.8654,False,,Sequence fitness 1.00 is healthy — no variant analysis needed.,30.0,1.0,1.05,1.0,0.0377,pipeline-owner,2026-06-20T13:48:41.799395
var_batch_processing,FRC-94e2dc53,20260610,1.0,HIGH,GREEN,STABLE,5.1,stable,5.1,5.1,stable,5.1,,,,0.0311,0.000659,0.1749,-0.0102,1.0035,0.8501,False,,Sequence fitness 1.00 is healthy — no variant analysis needed.,30.0,1.0,1.0,1.0,0.0311,pipeline-owner,2026-06-20T13:48:41.821282
collateral_valuation,FRC-0cb5fb6e,20260611,1.0,HIGH,GREEN,STABLE,18.0,stable,18.0,18.0,stable,18.0,,,,0.0312,-0.001986,0.1594,0.2649,1.0048,0.8656,False,,Sequence fitness 1.00 is healthy — no variant analysis needed.,30.0,1.0,1.0,1.0,0.0312,pipeline-owner,2026-06-20T13:48:41.844346
customer_risk_features,FRC-4aa3678b,20260611,0.425,UNRELIABLE,RED,INTERMITTENT,,,,,,,,,,0.3009,-0.000201,0.6,-0.0207,0.8362,0.425,False,,Variant comparison skipped: 0% trace completeness at grain='pipeline'. Low completeness at this grain level suggests row sampling rather than trace sampling. See deviations for the fix.,30.0,0.5,0.5,0.0,0.3009,platform-infrastructure,2026-06-20T13:48:41.862541
dbt_model_runner,FRC-ed2958aa,20260611,1.0,HIGH,GREEN,DRIFTING,19.7,stable,19.7,19.7,stable,19.7,,,,0.0435,-0.003548,0.1536,0.2755,0.9951,0.8714,False,,Sequence fitness 1.00 is healthy — no variant analysis needed.,30.0,1.0,1.0,1.0,0.0435,pipeline-owner,2026-06-20T13:48:41.884803
delta_vacuum_runner,FRC-e23ba970,20260611,0.9063,HIGH,AMBER,INTERMITTENT,0.3,stable,0.3,0.3,stable,0.3,,,,0.2142,-0.000878,0.6,0.0223,0.9254,0.425,False,,Sequence fitness 1.00 is healthy — no variant analysis needed.,30.0,1.0,0.8126,1.0,0.2143,platform-infrastructure,2026-06-20T13:48:41.906745
etl_daily_transform,FRC-4052a9d3,20260611,1.0,HIGH,GREEN,STABLE,5.3,stable,5.3,5.3,stable,5.3,,,,0.0193,0.000104,0.1044,0.0028,1.0047,0.9206,False,,Sequence fitness 1.00 is healthy — no variant analysis needed.,30.0,1.0,1.0,1.0,0.0193,pipeline-owner,2026-06-20T13:48:41.928746
feature_store_refresh,FRC-034a3f56,20260611,0.8748,HIGH,RED,INTERMITTENT,3.8,stable,3.8,3.8,stable,3.8,,,,0.3027,-0.002024,0.6,-0.0244,0.8474,0.425,False,,Sequence fitness 1.00 is healthy — no variant analysis needed.,30.0,1.0,0.7495,1.0,0.3027,platform-infrastructure,2026-06-20T13:48:41.950242
feature_validation_job,FRC-c1f86d79,20260611,1.025,HIGH,GREEN,STABLE,5.3,stable,5.3,5.3,stable,5.3,,,,0.0346,-6e-05,0.1522,-0.0055,1.0047,0.8728,False,,Sequence fitness 1.00 is healthy — no variant analysis needed.,30.0,1.0,1.05,1.0,0.0346,pipeline-owner,2026-06-20T13:48:41.971790
fx_rate_ingestion,FRC-a24407bf,20260611,0.9876,HIGH,AMBER,STABLE,4.2,stable,4.2,4.2,stable,4.2,,,,0.0316,-0.001066,0.1621,-0.0078,1.0021,0.8629,False,,Sequence fitness 1.00 is healthy — no variant analysis needed.,30.0,1.0,0.9752,1.0,0.0316,pipeline-owner,2026-06-20T13:48:41.993438
grid_corehours_calc,FRC-0f6b3c37,20260611,0.9772,HIGH,AMBER,STABLE,6.1,stable,6.1,6.1,stable,6.1,,,,0.0323,-0.002117,0.1679,0.0871,1.0045,0.8571,False,,Sequence fitness 1.00 is healthy — no variant analysis needed.,30.0,1.0,0.9543,1.0,0.0323,pipeline-owner,2026-06-20T13:48:42.015441
hdfs_replication_check,FRC-f4376f26,20260611,1.0,HIGH,GREEN,STABLE,6.1,stable,6.1,6.1,stable,6.1,,,,0.0364,-0.002257,0.1604,0.0697,1.0033,0.8646,False,,Sequence fitness 1.00 is healthy — no variant analysis needed.,30.0,1.0,1.0,1.0,0.0364,pipeline-owner,2026-06-20T13:48:42.037392
inference_batch_scoring,FRC-43dc1c4e,20260611,1.0,HIGH,GREEN,STABLE,27.9,stable,27.9,27.9,stable,27.9,,,,0.033,0.000738,0.1602,0.2409,0.9969,0.8648,False,,Sequence fitness 1.00 is healthy — no variant analysis needed.,30.0,1.0,1.0,1.0,0.033,pipeline-owner,2026-06-20T13:48:42.059264
kafka_compaction_job,FRC-f2a9dc32,20260611,1.0,HIGH,GREEN,STABLE,5.5,stable,5.5,5.5,stable,5.5,,,,0.0395,-0.000566,0.1538,-0.0228,0.9984,0.8712,False,,Sequence fitness 1.00 is healthy — no variant analysis needed.,30.0,1.0,1.0,1.0,0.0395,pipeline-owner,2026-06-20T13:48:42.080922
lgd_calculation_daily,FRC-9455f754,20260611,1.0,HIGH,GREEN,STABLE,4.9,stable,4.9,4.9,stable,4.9,,,,0.0267,9.2e-05,0.134,-0.0077,1.0051,0.891,False,,Sequence fitness 1.00 is healthy — no variant analysis needed.,30.0,1.0,1.0,1.0,0.0267,pipeline-owner,2026-06-20T13:48:42.102598
liquidity_reporting,FRC-140ac563,20260611,1.0,HIGH,GREEN,STABLE,33.8,stable,33.8,33.8,stable,33.8,,,,0.0286,0.000573,0.1104,0.0953,1.0027,0.9146,False,,Sequence fitness 1.00 is healthy — no variant analysis needed.,30.0,1.0,1.0,1.0,0.0286,pipeline-owner,2026-06-20T13:48:42.124575
mifid_trade_reporting,FRC-a9ecb086,20260611,1.025,HIGH,GREEN,STABLE,13.7,stable,13.7,13.7,stable,13.7,,,,0.0165,0.000289,0.0607,0.0293,1.0095,0.9643,False,,Sequence fitness 1.00 is healthy — no variant analysis needed.,30.0,1.0,1.05,1.0,0.0165,pipeline-owner,2026-06-20T13:48:42.146824
model_training_pipeline,FRC-1147b324,20260611,1.025,HIGH,GREEN,STABLE,5.7,stable,5.7,5.7,stable,5.7,,,,0.0322,-0.001033,0.1776,-0.0317,1.0058,0.8474,False,,Sequence fitness 1.00 is healthy — no variant analysis needed.,30.0,1.0,1.05,1.0,0.0322,pipeline-owner,2026-06-20T13:48:42.168587
payment_reconciliation,FRC-0eecd6a1,20260611,1.025,HIGH,GREEN,STABLE,6.2,stable,6.2,6.2,stable,6.2,,,,0.0354,-0.002204,0.1662,0.0273,1.0046,0.8588,False,,Sequence fitness 1.00 is healthy — no variant analysis needed.,30.0,1.0,1.05,1.0,0.0354,pipeline-owner,2026-06-20T13:48:42.190414
payment_settlements_daily,FRC-90d4a831,20260611,1.0,HIGH,GREEN,STABLE,5.9,stable,5.9,5.9,stable,5.9,,,,0.0406,0.000965,0.1552,0.0094,0.9953,0.8698,False,,Sequence fitness 1.00 is healthy — no variant analysis needed.,30.0,1.0,1.0,1.0,0.0406,pipeline-owner,2026-06-20T13:48:42.212478
pd_model_batch,FRC-a3830df0,20260611,1.0,HIGH,GREEN,STABLE,6.6,stable,6.6,6.6,stable,6.6,,,,0.0312,-0.001829,0.1641,0.0889,1.0052,0.8609,False,,Sequence fitness 1.00 is healthy — no variant analysis needed.,30.0,1.0,1.0,1.0,0.0312,pipeline-owner,2026-06-20T13:48:42.234179
positions_sftp_ingest,FRC-1f0703ba,20260611,1.0,HIGH,GREEN,STABLE,22.2,stable,22.2,22.2,stable,22.2,,,,0.0214,-0.001806,0.085,0.4169,1.0086,0.94,False,,Sequence fitness 1.00 is healthy — no variant analysis needed.,30.0,1.0,1.0,1.0,0.0214,pipeline-owner,2026-06-20T13:48:42.255915
raw_ingestion_pipeline,FRC-44ed2010,20260611,1.025,HIGH,GREEN,STABLE,5.4,stable,5.4,5.4,stable,5.4,,,,0.0176,4.5e-05,0.0756,-0.0066,1.005,0.9494,False,,Sequence fitness 1.00 is healthy — no variant analysis needed.,30.0,1.0,1.05,1.0,0.0176,pipeline-owner,2026-06-20T13:48:42.278674
regulatory_batch_dnb,FRC-b1e6b70a,20260611,1.025,HIGH,GREEN,STABLE,5.4,stable,5.4,5.4,stable,5.4,,,,0.0384,7.5e-05,0.1572,0.0015,0.9966,0.8678,False,,Sequence fitness 1.00 is healthy — no variant analysis needed.,30.0,1.0,1.05,1.0,0.0384,pipeline-owner,2026-06-20T13:48:42.301478
spark_batch_job,FRC-f1cf9f47,20260611,0.869,HIGH,RED,STABLE,4.8,stable,4.8,4.8,stable,4.8,,,,0.0369,-0.002021,0.156,0.0329,1.0005,0.869,False,,Sequence fitness 1.00 is healthy — no variant analysis needed.,30.0,1.0,0.7381,1.0,0.0369,pipeline-owner,2026-06-20T13:48:42.324971
stress_test_scenario,FRC-9e0824ef,20260611,0.425,UNRELIABLE,RED,INTERMITTENT,,,,,,,,,,0.3216,0.002706,0.6,0.003,0.8346,0.425,False,,Variant comparison skipped: 0% trace completeness at grain='pipeline'. Low completeness at this grain level suggests row sampling rather than trace sampling. See deviations for the fix.,30.0,0.5,0.5,0.0,0.3216,platform-infrastructure,2026-06-20T13:48:42.343030
transaction_screening,FRC-47ba874a,20260611,1.0,HIGH,GREEN,STABLE,4.7,stable,4.7,4.7,stable,4.7,,,,0.0377,0.000809,0.1596,0.003,0.9995,0.8654,False,,Sequence fitness 1.00 is healthy — no variant analysis needed.,30.0,1.0,1.0,1.0,0.0377,pipeline-owner,2026-06-20T13:48:42.388828
var_batch_processing,FRC-94e2dc53,20260611,1.025,HIGH,GREEN,STABLE,1.9,stable,1.9,1.9,stable,1.9,,,,0.0311,0.000659,0.1749,-0.0102,1.0035,0.8501,False,,Sequence fitness 1.00 is healthy — no variant analysis needed.,30.0,1.0,1.05,1.0,0.0311,pipeline-owner,2026-06-20T13:48:42.411310
collateral_valuation,FRC-0cb5fb6e,20260612,1.0,HIGH,GREEN,STABLE,20.2,stable,20.2,20.2,stable,20.2,,,,0.0312,-0.001986,0.1594,0.2649,1.0048,0.8656,False,,Sequence fitness 1.00 is healthy — no variant analysis needed.,30.0,1.0,1.0,1.0,0.0312,pipeline-owner,2026-06-20T13:48:42.433694
customer_risk_features,FRC-4aa3678b,20260612,1.025,HIGH,GREEN,INTERMITTENT,1.7,stable,1.7,1.7,stable,1.7,,,,0.3009,-0.000201,0.6,-0.0207,0.8362,0.425,False,,Sequence fitness 1.00 is healthy — no variant analysis needed.,30.0,1.0,1.05,1.0,0.3009,platform-infrastructure,2026-06-20T13:48:42.456297
dbt_model_runner,FRC-ed2958aa,20260612,0.8798,HIGH,AMBER,DRIFTING,22.5,stable,22.5,22.5,stable,22.5,,,,0.0435,-0.003548,0.1536,0.2755,0.9951,0.8714,False,,Sequence fitness 1.00 is healthy — no variant analysis needed.,30.0,1.0,0.7597,1.0,0.0435,pipeline-owner,2026-06-20T13:48:42.478569
delta_vacuum_runner,FRC-e23ba970,20260612,1.025,HIGH,GREEN,INTERMITTENT,0.8,stable,0.8,0.8,stable,0.8,,,,0.2142,-0.000878,0.6,0.0223,0.9254,0.425,False,,Sequence fitness 1.00 is healthy — no variant analysis needed.,30.0,1.0,1.05,1.0,0.2143,platform-infrastructure,2026-06-20T13:48:42.500322
etl_daily_transform,FRC-4052a9d3,20260612,1.025,HIGH,GREEN,STABLE,4.4,stable,4.4,4.4,stable,4.4,,,,0.0193,0.000104,0.1044,0.0028,1.0047,0.9206,False,,Sequence fitness 1.00 is healthy — no variant analysis needed.,30.0,1.0,1.05,1.0,0.0193,pipeline-owner,2026-06-20T13:48:42.522413
feature_store_refresh,FRC-034a3f56,20260612,1.025,HIGH,GREEN,INTERMITTENT,1.6,stable,1.6,1.6,stable,1.6,,,,0.3027,-0.002024,0.6,-0.0244,0.8474,0.425,False,,Sequence fitness 1.00 is healthy — no variant analysis needed.,30.0,1.0,1.05,1.0,0.3027,platform-infrastructure,2026-06-20T13:48:42.543969
feature_validation_job,FRC-c1f86d79,20260612,1.0,HIGH,GREEN,STABLE,5.9,stable,5.9,5.9,stable,5.9,,,,0.0346,-6e-05,0.1522,-0.0055,1.0047,0.8728,False,,Sequence fitness 1.00 is healthy — no variant analysis needed.,30.0,1.0,1.0,1.0,0.0346,pipeline-owner,2026-06-20T13:48:42.565843
fx_rate_ingestion,FRC-a24407bf,20260612,1.0,HIGH,GREEN,STABLE,5.9,stable,5.9,5.9,stable,5.9,,,,0.0316,-0.001066,0.1621,-0.0078,1.0021,0.8629,False,,Sequence fitness 1.00 is healthy — no variant analysis needed.,30.0,1.0,1.0,1.0,0.0316,pipeline-owner,2026-06-20T13:48:42.587480
grid_corehours_calc,FRC-0f6b3c37,20260612,1.0,HIGH,GREEN,STABLE,4.5,stable,4.5,4.5,stable,4.5,,,,0.0323,-0.002117,0.1679,0.0871,1.0045,0.8571,False,,Sequence fitness 1.00 is healthy — no variant analysis needed.,30.0,1.0,1.0,1.0,0.0323,pipeline-owner,2026-06-20T13:48:42.609009
hdfs_replication_check,FRC-f4376f26,20260612,1.0,HIGH,GREEN,STABLE,5.9,stable,5.9,5.9,stable,5.9,,,,0.0364,-0.002257,0.1604,0.0697,1.0033,0.8646,False,,Sequence fitness 1.00 is healthy — no variant analysis needed.,30.0,1.0,1.0,1.0,0.0364,pipeline-owner,2026-06-20T13:48:42.632727
inference_batch_scoring,FRC-43dc1c4e,20260612,1.025,HIGH,GREEN,STABLE,26.1,stable,26.1,26.1,stable,26.1,,,,0.033,0.000738,0.1602,0.2409,0.9969,0.8648,False,,Sequence fitness 1.00 is healthy — no variant analysis needed.,30.0,1.0,1.05,1.0,0.033,pipeline-owner,2026-06-20T13:48:42.654989
kafka_compaction_job,FRC-f2a9dc32,20260612,1.025,HIGH,GREEN,STABLE,4.1,stable,4.1,4.1,stable,4.1,,,,0.0395,-0.000566,0.1538,-0.0228,0.9984,0.8712,False,,Sequence fitness 1.00 is healthy — no variant analysis needed.,30.0,1.0,1.05,1.0,0.0395,pipeline-owner,2026-06-20T13:48:42.676785
lgd_calculation_daily,FRC-9455f754,20260612,1.025,HIGH,GREEN,STABLE,4.7,stable,4.7,4.7,stable,4.7,,,,0.0267,9.2e-05,0.134,-0.0077,1.0051,0.891,False,,Sequence fitness 1.00 is healthy — no variant analysis needed.,30.0,1.0,1.05,1.0,0.0267,pipeline-owner,2026-06-20T13:48:42.698724
liquidity_reporting,FRC-140ac563,20260612,1.025,HIGH,GREEN,STABLE,30.9,stable,30.9,30.9,stable,30.9,,,,0.0286,0.000573,0.1104,0.0953,1.0027,0.9146,False,,Sequence fitness 1.00 is healthy — no variant analysis needed.,30.0,1.0,1.05,1.0,0.0286,pipeline-owner,2026-06-20T13:48:42.720179
mifid_trade_reporting,FRC-a9ecb086,20260612,1.025,HIGH,GREEN,STABLE,12.2,stable,12.2,12.2,stable,12.2,,,,0.0165,0.000289,0.0607,0.0293,1.0095,0.9643,False,,Sequence fitness 1.00 is healthy — no variant analysis needed.,30.0,1.0,1.05,1.0,0.0165,pipeline-owner,2026-06-20T13:48:42.742155
model_training_pipeline,FRC-1147b324,20260612,1.0,HIGH,GREEN,STABLE,4.9,stable,4.9,4.9,stable,4.9,,,,0.0322,-0.001033,0.1776,-0.0317,1.0058,0.8474,False,,Sequence fitness 1.00 is healthy — no variant analysis needed.,30.0,1.0,1.0,1.0,0.0322,pipeline-owner,2026-06-20T13:48:42.763793
payment_reconciliation,FRC-0eecd6a1,20260612,1.0,HIGH,GREEN,STABLE,3.3,stable,3.3,3.3,stable,3.3,,,,0.0354,-0.002204,0.1662,0.0273,1.0046,0.8588,False,,Sequence fitness 1.00 is healthy — no variant analysis needed.,30.0,1.0,1.0,1.0,0.0354,pipeline-owner,2026-06-20T13:48:42.785685
payment_settlements_daily,FRC-90d4a831,20260612,0.9984,HIGH,AMBER,STABLE,5.9,stable,5.9,5.9,stable,5.9,,,,0.0406,0.000965,0.1552,0.0094,0.9953,0.8698,False,,Sequence fitness 1.00 is healthy — no variant analysis needed.,30.0,1.0,0.9967,1.0,0.0406,pipeline-owner,2026-06-20T13:48:42.807826
pd_model_batch,FRC-a3830df0,20260612,1.0,HIGH,GREEN,STABLE,7.0,stable,7.0,7.0,stable,7.0,,,,0.0312,-0.001829,0.1641,0.0889,1.0052,0.8609,False,,Sequence fitness 1.00 is healthy — no variant analysis needed.,30.0,1.0,1.0,1.0,0.0312,pipeline-owner,2026-06-20T13:48:42.829499
positions_sftp_ingest,FRC-1f0703ba,20260612,1.0,HIGH,GREEN,STABLE,18.4,stable,18.4,18.4,stable,18.4,,,,0.0214,-0.001806,0.085,0.4169,1.0086,0.94,False,,Sequence fitness 1.00 is healthy — no variant analysis needed.,30.0,1.0,1.0,1.0,0.0214,pipeline-owner,2026-06-20T13:48:42.851730
raw_ingestion_pipeline,FRC-44ed2010,20260612,1.0,HIGH,GREEN,STABLE,4.2,stable,4.2,4.2,stable,4.2,,,,0.0176,4.5e-05,0.0756,-0.0066,1.005,0.9494,False,,Sequence fitness 1.00 is healthy — no variant analysis needed.,30.0,1.0,1.0,1.0,0.0176,pipeline-owner,2026-06-20T13:48:42.873953
regulatory_batch_dnb,FRC-b1e6b70a,20260612,1.025,HIGH,GREEN,STABLE,5.1,stable,5.1,5.1,stable,5.1,,,,0.0384,7.5e-05,0.1572,0.0015,0.9966,0.8678,False,,Sequence fitness 1.00 is healthy — no variant analysis needed.,30.0,1.0,1.05,1.0,0.0384,pipeline-owner,2026-06-20T13:48:42.896864
spark_batch_job,FRC-f1cf9f47,20260612,1.0,HIGH,GREEN,STABLE,4.7,stable,4.7,4.7,stable,4.7,,,,0.0369,-0.002021,0.156,0.0329,1.0005,0.869,False,,Sequence fitness 1.00 is healthy — no variant analysis needed.,30.0,1.0,1.0,1.0,0.0369,pipeline-owner,2026-06-20T13:48:42.918717
stress_test_scenario,FRC-9e0824ef,20260612,0.986,HIGH,AMBER,INTERMITTENT,2.0,stable,2.0,2.0,stable,2.0,,,,0.3216,0.002706,0.6,0.003,0.8346,0.425,False,,Sequence fitness 1.00 is healthy — no variant analysis needed.,30.0,1.0,0.972,1.0,0.3216,platform-infrastructure,2026-06-20T13:48:42.940346
transaction_screening,FRC-47ba874a,20260612,0.9786,HIGH,AMBER,STABLE,4.2,stable,4.2,4.2,stable,4.2,,,,0.0377,0.000809,0.1596,0.003,0.9995,0.8654,False,,Sequence fitness 1.00 is healthy — no variant analysis needed.,30.0,1.0,0.9572,1.0,0.0377,pipeline-owner,2026-06-20T13:48:42.983878
var_batch_processing,FRC-94e2dc53,20260612,1.025,HIGH,GREEN,STABLE,1.8,stable,1.8,1.8,stable,1.8,,,,0.0311,0.000659,0.1749,-0.0102,1.0035,0.8501,False,,Sequence fitness 1.00 is healthy — no variant analysis needed.,30.0,1.0,1.05,1.0,0.0311,pipeline-owner,2026-06-20T13:48:43.005710
collateral_valuation,FRC-0cb5fb6e,20260613,1.0,HIGH,GREEN,STABLE,20.0,stable,20.0,20.0,stable,20.0,,,,0.0312,-0.001986,0.1594,0.2649,1.0048,0.8656,False,,Sequence fitness 1.00 is healthy — no variant analysis needed.,30.0,1.0,1.0,1.0,0.0312,pipeline-owner,2026-06-20T13:48:43.029111
customer_risk_features,FRC-4aa3678b,20260613,1.0,HIGH,GREEN,INTERMITTENT,3.4,stable,3.4,3.4,stable,3.4,,,,0.3009,-0.000201,0.6,-0.0207,0.8362,0.425,False,,Sequence fitness 1.00 is healthy — no variant analysis needed.,30.0,1.0,1.0,1.0,0.3009,platform-infrastructure,2026-06-20T13:48:43.051332
dbt_model_runner,FRC-ed2958aa,20260613,0.9518,HIGH,AMBER,DRIFTING,18.3,stable,18.3,18.3,stable,18.3,,,,0.0435,-0.003548,0.1536,0.2755,0.9951,0.8714,False,,Sequence fitness 1.00 is healthy — no variant analysis needed.,30.0,1.0,0.9037,1.0,0.0435,pipeline-owner,2026-06-20T13:48:43.073197
delta_vacuum_runner,FRC-e23ba970,20260613,1.0,HIGH,GREEN,INTERMITTENT,3.1,stable,3.1,3.1,stable,3.1,,,,0.2142,-0.000878,0.6,0.0223,0.9254,0.425,False,,Sequence fitness 1.00 is healthy — no variant analysis needed.,30.0,1.0,1.0,1.0,0.2143,platform-infrastructure,2026-06-20T13:48:43.094906
etl_daily_transform,FRC-4052a9d3,20260613,1.0,HIGH,GREEN,STABLE,5.9,stable,5.9,5.9,stable,5.9,,,,0.0193,0.000104,0.1044,0.0028,1.0047,0.9206,False,,Sequence fitness 1.00 is healthy — no variant analysis needed.,30.0,1.0,1.0,1.0,0.0193,pipeline-owner,2026-06-20T13:48:43.117446
feature_store_refresh,FRC-034a3f56,20260613,0.425,UNRELIABLE,RED,INTERMITTENT,,,,,,,,,,0.3027,-0.002024,0.6,-0.0244,0.8474,0.425,False,,Variant comparison skipped: 0% trace completeness at grain='pipeline'. Low completeness at this grain level suggests row sampling rather than trace sampling. See deviations for the fix.,30.0,0.5,0.5,0.0,0.3027,platform-infrastructure,2026-06-20T13:48:43.134908
feature_validation_job,FRC-c1f86d79,20260613,1.0,HIGH,GREEN,STABLE,5.8,stable,5.8,5.8,stable,5.8,,,,0.0346,-6e-05,0.1522,-0.0055,1.0047,0.8728,False,,Sequence fitness 1.00 is healthy — no variant analysis needed.,30.0,1.0,1.0,1.0,0.0346,pipeline-owner,2026-06-20T13:48:43.156777
fx_rate_ingestion,FRC-a24407bf,20260613,1.0,HIGH,GREEN,STABLE,4.1,stable,4.1,4.1,stable,4.1,,,,0.0316,-0.001066,0.1621,-0.0078,1.0021,0.8629,False,,Sequence fitness 1.00 is healthy — no variant analysis needed.,30.0,1.0,1.0,1.0,0.0316,pipeline-owner,2026-06-20T13:48:43.178669
grid_corehours_calc,FRC-0f6b3c37,20260613,1.0,HIGH,GREEN,STABLE,6.4,stable,6.4,6.4,stable,6.4,,,,0.0323,-0.002117,0.1679,0.0871,1.0045,0.8571,False,,Sequence fitness 1.00 is healthy — no variant analysis needed.,30.0,1.0,1.0,1.0,0.0323,pipeline-owner,2026-06-20T13:48:43.200363
hdfs_replication_check,FRC-f4376f26,20260613,1.0,HIGH,GREEN,STABLE,3.1,stable,3.1,3.1,stable,3.1,,,,0.0364,-0.002257,0.1604,0.0697,1.0033,0.8646,False,,Sequence fitness 1.00 is healthy — no variant analysis needed.,30.0,1.0,1.0,1.0,0.0364,pipeline-owner,2026-06-20T13:48:43.222684
inference_batch_scoring,FRC-43dc1c4e,20260613,1.0,HIGH,GREEN,STABLE,23.3,stable,23.3,23.3,stable,23.3,,,,0.033,0.000738,0.1602,0.2409,0.9969,0.8648,False,,Sequence fitness 1.00 is healthy — no variant analysis needed.,30.0,1.0,1.0,1.0,0.033,pipeline-owner,2026-06-20T13:48:43.244169
kafka_compaction_job,FRC-f2a9dc32,20260613,1.025,HIGH,GREEN,STABLE,4.2,stable,4.2,4.2,stable,4.2,,,,0.0395,-0.000566,0.1538,-0.0228,0.9984,0.8712,False,,Sequence fitness 1.00 is healthy — no variant analysis needed.,30.0,1.0,1.05,1.0,0.0395,pipeline-owner,2026-06-20T13:48:43.266250
lgd_calculation_daily,FRC-9455f754,20260613,1.025,HIGH,GREEN,STABLE,5.5,stable,5.5,5.5,stable,5.5,,,,0.0267,9.2e-05,0.134,-0.0077,1.0051,0.891,False,,Sequence fitness 1.00 is healthy — no variant analysis needed.,30.0,1.0,1.05,1.0,0.0267,pipeline-owner,2026-06-20T13:48:43.287925
liquidity_reporting,FRC-140ac563,20260613,1.025,HIGH,GREEN,STABLE,31.4,stable,31.4,31.4,stable,31.4,,,,0.0286,0.000573,0.1104,0.0953,1.0027,0.9146,False,,Sequence fitness 1.00 is healthy — no variant analysis needed.,30.0,1.0,1.05,1.0,0.0286,pipeline-owner,2026-06-20T13:48:43.309327
mifid_trade_reporting,FRC-a9ecb086,20260613,1.025,HIGH,GREEN,STABLE,16.6,stable,16.6,16.6,stable,16.6,,,,0.0165,0.000289,0.0607,0.0293,1.0095,0.9643,False,,Sequence fitness 1.00 is healthy — no variant analysis needed.,30.0,1.0,1.05,1.0,0.0165,pipeline-owner,2026-06-20T13:48:43.331245
model_training_pipeline,FRC-1147b324,20260613,1.0,HIGH,GREEN,STABLE,2.0,stable,2.0,2.0,stable,2.0,,,,0.0322,-0.001033,0.1776,-0.0317,1.0058,0.8474,False,,Sequence fitness 1.00 is healthy — no variant analysis needed.,30.0,1.0,1.0,1.0,0.0322,pipeline-owner,2026-06-20T13:48:43.352884
payment_reconciliation,FRC-0eecd6a1,20260613,1.0,HIGH,GREEN,STABLE,3.3,stable,3.3,3.3,stable,3.3,,,,0.0354,-0.002204,0.1662,0.0273,1.0046,0.8588,False,,Sequence fitness 1.00 is healthy — no variant analysis needed.,30.0,1.0,1.0,1.0,0.0354,pipeline-owner,2026-06-20T13:48:43.374751
payment_settlements_daily,FRC-90d4a831,20260613,1.025,HIGH,GREEN,STABLE,4.6,stable,4.6,4.6,stable,4.6,,,,0.0406,0.000965,0.1552,0.0094,0.9953,0.8698,False,,Sequence fitness 1.00 is healthy — no variant analysis needed.,30.0,1.0,1.05,1.0,0.0406,pipeline-owner,2026-06-20T13:48:43.396563
pd_model_batch,FRC-a3830df0,20260613,1.0,HIGH,GREEN,STABLE,4.9,stable,4.9,4.9,stable,4.9,,,,0.0312,-0.001829,0.1641,0.0889,1.0052,0.8609,False,,Sequence fitness 1.00 is healthy — no variant analysis needed.,30.0,1.0,1.0,1.0,0.0312,pipeline-owner,2026-06-20T13:48:43.419498
positions_sftp_ingest,FRC-1f0703ba,20260613,1.0,HIGH,GREEN,STABLE,15.6,stable,15.6,15.6,stable,15.6,,,,0.0214,-0.001806,0.085,0.4169,1.0086,0.94,False,,Sequence fitness 1.00 is healthy — no variant analysis needed.,30.0,1.0,1.0,1.0,0.0214,pipeline-owner,2026-06-20T13:48:43.443210
raw_ingestion_pipeline,FRC-44ed2010,20260613,1.0,HIGH,GREEN,STABLE,4.2,stable,4.2,4.2,stable,4.2,,,,0.0176,4.5e-05,0.0756,-0.0066,1.005,0.9494,False,,Sequence fitness 1.00 is healthy — no variant analysis needed.,30.0,1.0,1.0,1.0,0.0176,pipeline-owner,2026-06-20T13:48:43.466653
regulatory_batch_dnb,FRC-b1e6b70a,20260613,1.0,HIGH,GREEN,STABLE,5.1,stable,5.1,5.1,stable,5.1,,,,0.0384,7.5e-05,0.1572,0.0015,0.9966,0.8678,False,,Sequence fitness 1.00 is healthy — no variant analysis needed.,30.0,1.0,1.0,1.0,0.0384,pipeline-owner,2026-06-20T13:48:43.488734
spark_batch_job,FRC-f1cf9f47,20260613,0.8699,HIGH,RED,STABLE,4.3,stable,4.3,4.3,stable,4.3,,,,0.0369,-0.002021,0.156,0.0329,1.0005,0.869,False,,Sequence fitness 1.00 is healthy — no variant analysis needed.,30.0,1.0,0.7398,1.0,0.0369,pipeline-owner,2026-06-20T13:48:43.510784
stress_test_scenario,FRC-9e0824ef,20260613,0.9764,HIGH,AMBER,INTERMITTENT,0.7,stable,0.7,0.7,stable,0.7,,,,0.3216,0.002706,0.6,0.003,0.8346,0.425,False,,Sequence fitness 1.00 is healthy — no variant analysis needed.,30.0,1.0,0.9527,1.0,0.3216,platform-infrastructure,2026-06-20T13:48:43.534300
transaction_screening,FRC-47ba874a,20260613,1.025,HIGH,GREEN,STABLE,5.4,stable,5.4,5.4,stable,5.4,,,,0.0377,0.000809,0.1596,0.003,0.9995,0.8654,False,,Sequence fitness 1.00 is healthy — no variant analysis needed.,30.0,1.0,1.05,1.0,0.0377,pipeline-owner,2026-06-20T13:48:43.577994
var_batch_processing,FRC-94e2dc53,20260613,0.99,HIGH,AMBER,STABLE,4.7,stable,4.7,4.7,stable,4.7,,,,0.0311,0.000659,0.1749,-0.0102,1.0035,0.8501,False,,Sequence fitness 1.00 is healthy — no variant analysis needed.,30.0,1.0,0.9801,1.0,0.0311,pipeline-owner,2026-06-20T13:48:43.602350
collateral_valuation,FRC-0cb5fb6e,20260614,0.8656,HIGH,RED,STABLE,20.4,stable,20.4,20.4,stable,20.4,,,,0.0312,-0.001986,0.1594,0.2649,1.0048,0.8656,False,,Sequence fitness 1.00 is healthy — no variant analysis needed.,30.0,1.0,0.7313,1.0,0.0312,pipeline-owner,2026-06-20T13:48:43.626980
customer_risk_features,FRC-4aa3678b,20260614,1.025,HIGH,GREEN,INTERMITTENT,0.3,stable,0.3,0.3,stable,0.3,,,,0.3009,-0.000201,0.6,-0.0207,0.8362,0.425,False,,Sequence fitness 1.00 is healthy — no variant analysis needed.,30.0,1.0,1.05,1.0,0.3009,platform-infrastructure,2026-06-20T13:48:43.649737
dbt_model_runner,FRC-ed2958aa,20260614,1.0,HIGH,GREEN,DRIFTING,18.5,stable,18.5,18.5,stable,18.5,,,,0.0435,-0.003548,0.1536,0.2755,0.9951,0.8714,False,,Sequence fitness 1.00 is healthy — no variant analysis needed.,30.0,1.0,1.0,1.0,0.0435,pipeline-owner,2026-06-20T13:48:43.672933
delta_vacuum_runner,FRC-e23ba970,20260614,0.425,UNRELIABLE,RED,INTERMITTENT,,,,,,,,,,0.2142,-0.000878,0.6,0.0223,0.9254,0.425,False,,Variant comparison skipped: 0% trace completeness at grain='pipeline'. Low completeness at this grain level suggests row sampling rather than trace sampling. See deviations for the fix.,30.0,0.5,0.5,0.0,0.2143,platform-infrastructure,2026-06-20T13:48:43.690947
etl_daily_transform,FRC-4052a9d3,20260614,1.0,HIGH,GREEN,STABLE,5.4,stable,5.4,5.4,stable,5.4,,,,0.0193,0.000104,0.1044,0.0028,1.0047,0.9206,False,,Sequence fitness 1.00 is healthy — no variant analysis needed.,30.0,1.0,1.0,1.0,0.0193,pipeline-owner,2026-06-20T13:48:43.713065
feature_store_refresh,FRC-034a3f56,20260614,0.425,UNRELIABLE,RED,INTERMITTENT,,,,,,,,,,0.3027,-0.002024,0.6,-0.0244,0.8474,0.425,False,,Variant comparison skipped: 0% trace completeness at grain='pipeline'. Low completeness at this grain level suggests row sampling rather than trace sampling. See deviations for the fix.,30.0,0.5,0.5,0.0,0.3027,platform-infrastructure,2026-06-20T13:48:43.730448
feature_validation_job,FRC-c1f86d79,20260614,1.0,HIGH,GREEN,STABLE,4.9,stable,4.9,4.9,stable,4.9,,,,0.0346,-6e-05,0.1522,-0.0055,1.0047,0.8728,False,,Sequence fitness 1.00 is healthy — no variant analysis needed.,30.0,1.0,1.0,1.0,0.0346,pipeline-owner,2026-06-20T13:48:43.752162
fx_rate_ingestion,FRC-a24407bf,20260614,1.025,HIGH,GREEN,STABLE,4.5,stable,4.5,4.5,stable,4.5,,,,0.0316,-0.001066,0.1621,-0.0078,1.0021,0.8629,False,,Sequence fitness 1.00 is healthy — no variant analysis needed.,30.0,1.0,1.05,1.0,0.0316,pipeline-owner,2026-06-20T13:48:43.773941
grid_corehours_calc,FRC-0f6b3c37,20260614,1.0,HIGH,GREEN,STABLE,4.1,stable,4.1,4.1,stable,4.1,,,,0.0323,-0.002117,0.1679,0.0871,1.0045,0.8571,False,,Sequence fitness 1.00 is healthy — no variant analysis needed.,30.0,1.0,1.0,1.0,0.0323,pipeline-owner,2026-06-20T13:48:43.795838
hdfs_replication_check,FRC-f4376f26,20260614,1.0,HIGH,GREEN,STABLE,6.0,stable,6.0,6.0,stable,6.0,,,,0.0364,-0.002257,0.1604,0.0697,1.0033,0.8646,False,,Sequence fitness 1.00 is healthy — no variant analysis needed.,30.0,1.0,1.0,1.0,0.0364,pipeline-owner,2026-06-20T13:48:43.817604
inference_batch_scoring,FRC-43dc1c4e,20260614,1.0,HIGH,GREEN,STABLE,23.4,stable,23.4,23.4,stable,23.4,,,,0.033,0.000738,0.1602,0.2409,0.9969,0.8648,False,,Sequence fitness 1.00 is healthy — no variant analysis needed.,30.0,1.0,1.0,1.0,0.033,pipeline-owner,2026-06-20T13:48:43.839236
kafka_compaction_job,FRC-f2a9dc32,20260614,1.025,HIGH,GREEN,STABLE,4.5,stable,4.5,4.5,stable,4.5,,,,0.0395,-0.000566,0.1538,-0.0228,0.9984,0.8712,False,,Sequence fitness 1.00 is healthy — no variant analysis needed.,30.0,1.0,1.05,1.0,0.0395,pipeline-owner,2026-06-20T13:48:43.861149
lgd_calculation_daily,FRC-9455f754,20260614,1.0,HIGH,GREEN,STABLE,5.2,stable,5.2,5.2,stable,5.2,,,,0.0267,9.2e-05,0.134,-0.0077,1.0051,0.891,False,,Sequence fitness 1.00 is healthy — no variant analysis needed.,30.0,1.0,1.0,1.0,0.0267,pipeline-owner,2026-06-20T13:48:43.883187
liquidity_reporting,FRC-140ac563,20260614,1.025,HIGH,GREEN,STABLE,29.8,stable,29.8,29.8,stable,29.8,,,,0.0286,0.000573,0.1104,0.0953,1.0027,0.9146,False,,Sequence fitness 1.00 is healthy — no variant analysis needed.,30.0,1.0,1.05,1.0,0.0286,pipeline-owner,2026-06-20T13:48:43.904753
mifid_trade_reporting,FRC-a9ecb086,20260614,1.0,HIGH,GREEN,STABLE,18.2,stable,18.2,18.2,stable,18.2,,,,0.0165,0.000289,0.0607,0.0293,1.0095,0.9643,False,,Sequence fitness 1.00 is healthy — no variant analysis needed.,30.0,1.0,1.0,1.0,0.0165,pipeline-owner,2026-06-20T13:48:43.926907
model_training_pipeline,FRC-1147b324,20260614,0.8474,HIGH,RED,STABLE,4.0,stable,4.0,4.0,stable,4.0,,,,0.0322,-0.001033,0.1776,-0.0317,1.0058,0.8474,False,,Sequence fitness 1.00 is healthy — no variant analysis needed.,30.0,1.0,0.6949,1.0,0.0322,pipeline-owner,2026-06-20T13:48:43.949301
payment_reconciliation,FRC-0eecd6a1,20260614,1.0,HIGH,GREEN,STABLE,6.5,stable,6.5,6.5,stable,6.5,,,,0.0354,-0.002204,0.1662,0.0273,1.0046,0.8588,False,,Sequence fitness 1.00 is healthy — no variant analysis needed.,30.0,1.0,1.0,1.0,0.0354,pipeline-owner,2026-06-20T13:48:43.971064
payment_settlements_daily,FRC-90d4a831,20260614,1.025,HIGH,GREEN,STABLE,5.1,stable,5.1,5.1,stable,5.1,,,,0.0406,0.000965,0.1552,0.0094,0.9953,0.8698,False,,Sequence fitness 1.00 is healthy — no variant analysis needed.,30.0,1.0,1.05,1.0,0.0406,pipeline-owner,2026-06-20T13:48:43.994647
pd_model_batch,FRC-a3830df0,20260614,1.0,HIGH,GREEN,STABLE,4.3,stable,4.3,4.3,stable,4.3,,,,0.0312,-0.001829,0.1641,0.0889,1.0052,0.8609,False,,Sequence fitness 1.00 is healthy — no variant analysis needed.,30.0,1.0,1.0,1.0,0.0312,pipeline-owner,2026-06-20T13:48:44.016342
positions_sftp_ingest,FRC-1f0703ba,20260614,1.0,HIGH,GREEN,STABLE,22.4,stable,22.4,22.4,stable,22.4,,,,0.0214,-0.001806,0.085,0.4169,1.0086,0.94,False,,Sequence fitness 1.00 is healthy — no variant analysis needed.,30.0,1.0,1.0,1.0,0.0214,pipeline-owner,2026-06-20T13:48:44.038260
raw_ingestion_pipeline,FRC-44ed2010,20260614,1.025,HIGH,GREEN,STABLE,4.8,stable,4.8,4.8,stable,4.8,,,,0.0176,4.5e-05,0.0756,-0.0066,1.005,0.9494,False,,Sequence fitness 1.00 is healthy — no variant analysis needed.,30.0,1.0,1.05,1.0,0.0176,pipeline-owner,2026-06-20T13:48:44.060153
regulatory_batch_dnb,FRC-b1e6b70a,20260614,1.0,HIGH,GREEN,STABLE,4.6,stable,4.6,4.6,stable,4.6,,,,0.0384,7.5e-05,0.1572,0.0015,0.9966,0.8678,False,,Sequence fitness 1.00 is healthy — no variant analysis needed.,30.0,1.0,1.0,1.0,0.0384,pipeline-owner,2026-06-20T13:48:44.082024
spark_batch_job,FRC-f1cf9f47,20260614,1.0,HIGH,GREEN,STABLE,3.5,stable,3.5,3.5,stable,3.5,,,,0.0369,-0.002021,0.156,0.0329,1.0005,0.869,False,,Sequence fitness 1.00 is healthy — no variant analysis needed.,30.0,1.0,1.0,1.0,0.0369,pipeline-owner,2026-06-20T13:48:44.103862
stress_test_scenario,FRC-9e0824ef,20260614,1.0,HIGH,GREEN,INTERMITTENT,0.7,stable,0.7,0.7,stable,0.7,,,,0.3216,0.002706,0.6,0.003,0.8346,0.425,False,,Sequence fitness 1.00 is healthy — no variant analysis needed.,30.0,1.0,1.0,1.0,0.3216,platform-infrastructure,2026-06-20T13:48:44.126152
transaction_screening,FRC-47ba874a,20260614,1.025,HIGH,GREEN,STABLE,5.4,stable,5.4,5.4,stable,5.4,,,,0.0377,0.000809,0.1596,0.003,0.9995,0.8654,False,,Sequence fitness 1.00 is healthy — no variant analysis needed.,30.0,1.0,1.05,1.0,0.0377,pipeline-owner,2026-06-20T13:48:44.170010
var_batch_processing,FRC-94e2dc53,20260614,1.0,HIGH,GREEN,STABLE,2.8,stable,2.8,2.8,stable,2.8,,,,0.0311,0.000659,0.1749,-0.0102,1.0035,0.8501,False,,Sequence fitness 1.00 is healthy — no variant analysis needed.,30.0,1.0,1.0,1.0,0.0311,pipeline-owner,2026-06-20T13:48:44.191924
collateral_valuation,FRC-0cb5fb6e,20260615,1.0,HIGH,GREEN,STABLE,14.4,stable,14.4,14.4,stable,14.4,,,,0.0312,-0.001986,0.1594,0.2649,1.0048,0.8656,False,,Sequence fitness 1.00 is healthy — no variant analysis needed.,30.0,1.0,1.0,1.0,0.0312,pipeline-owner,2026-06-20T13:48:44.214852
customer_risk_features,FRC-4aa3678b,20260615,0.425,UNRELIABLE,RED,INTERMITTENT,,,,,,,,,,0.3009,-0.000201,0.6,-0.0207,0.8362,0.425,False,,Variant comparison skipped: 0% trace completeness at grain='pipeline'. Low completeness at this grain level suggests row sampling rather than trace sampling. See deviations for the fix.,30.0,0.5,0.5,0.0,0.3009,platform-infrastructure,2026-06-20T13:48:44.232561
dbt_model_runner,FRC-ed2958aa,20260615,0.8714,HIGH,RED,DRIFTING,17.4,stable,17.4,17.4,stable,17.4,,,,0.0435,-0.003548,0.1536,0.2755,0.9951,0.8714,False,,Sequence fitness 1.00 is healthy — no variant analysis needed.,30.0,1.0,0.7429,1.0,0.0435,pipeline-owner,2026-06-20T13:48:44.254835
delta_vacuum_runner,FRC-e23ba970,20260615,0.9704,HIGH,AMBER,INTERMITTENT,3.8,stable,3.8,3.8,stable,3.8,,,,0.2142,-0.000878,0.6,0.0223,0.9254,0.425,False,,Sequence fitness 1.00 is healthy — no variant analysis needed.,30.0,1.0,0.9407,1.0,0.2143,platform-infrastructure,2026-06-20T13:48:44.276689
etl_daily_transform,FRC-4052a9d3,20260615,1.025,HIGH,GREEN,STABLE,4.3,stable,4.3,4.3,stable,4.3,,,,0.0193,0.000104,0.1044,0.0028,1.0047,0.9206,False,,Sequence fitness 1.00 is healthy — no variant analysis needed.,30.0,1.0,1.05,1.0,0.0193,pipeline-owner,2026-06-20T13:48:44.298525
feature_store_refresh,FRC-034a3f56,20260615,1.025,HIGH,GREEN,INTERMITTENT,0.5,stable,0.5,0.5,stable,0.5,,,,0.3027,-0.002024,0.6,-0.0244,0.8474,0.425,False,,Sequence fitness 1.00 is healthy — no variant analysis needed.,30.0,1.0,1.05,1.0,0.3027,platform-infrastructure,2026-06-20T13:48:44.320025
feature_validation_job,FRC-c1f86d79,20260615,1.0,HIGH,GREEN,STABLE,4.2,stable,4.2,4.2,stable,4.2,,,,0.0346,-6e-05,0.1522,-0.0055,1.0047,0.8728,False,,Sequence fitness 1.00 is healthy — no variant analysis needed.,30.0,1.0,1.0,1.0,0.0346,pipeline-owner,2026-06-20T13:48:44.341792
fx_rate_ingestion,FRC-a24407bf,20260615,1.0,HIGH,GREEN,STABLE,5.3,stable,5.3,5.3,stable,5.3,,,,0.0316,-0.001066,0.1621,-0.0078,1.0021,0.8629,False,,Sequence fitness 1.00 is healthy — no variant analysis needed.,30.0,1.0,1.0,1.0,0.0316,pipeline-owner,2026-06-20T13:48:44.363511
grid_corehours_calc,FRC-0f6b3c37,20260615,0.8571,HIGH,RED,STABLE,6.2,stable,6.2,6.2,stable,6.2,,,,0.0323,-0.002117,0.1679,0.0871,1.0045,0.8571,False,,Sequence fitness 1.00 is healthy — no variant analysis needed.,30.0,1.0,0.7142,1.0,0.0323,pipeline-owner,2026-06-20T13:48:44.385696
hdfs_replication_check,FRC-f4376f26,20260615,0.8846,HIGH,AMBER,STABLE,7.0,stable,7.0,7.0,stable,7.0,,,,0.0364,-0.002257,0.1604,0.0697,1.0033,0.8646,False,,Sequence fitness 1.00 is healthy — no variant analysis needed.,30.0,1.0,0.7692,1.0,0.0364,pipeline-owner,2026-06-20T13:48:44.407759
inference_batch_scoring,FRC-43dc1c4e,20260615,1.0,HIGH,GREEN,STABLE,29.5,stable,29.5,29.5,stable,29.5,,,,0.033,0.000738,0.1602,0.2409,0.9969,0.8648,False,,Sequence fitness 1.00 is healthy — no variant analysis needed.,30.0,1.0,1.0,1.0,0.033,pipeline-owner,2026-06-20T13:48:44.429446
kafka_compaction_job,FRC-f2a9dc32,20260615,0.9459,HIGH,AMBER,STABLE,4.1,stable,4.1,4.1,stable,4.1,,,,0.0395,-0.000566,0.1538,-0.0228,0.9984,0.8712,False,,Sequence fitness 1.00 is healthy — no variant analysis needed.,30.0,1.0,0.8918,1.0,0.0395,pipeline-owner,2026-06-20T13:48:44.451237
lgd_calculation_daily,FRC-9455f754,20260615,0.9549,HIGH,AMBER,STABLE,4.4,stable,4.4,4.4,stable,4.4,,,,0.0267,9.2e-05,0.134,-0.0077,1.0051,0.891,False,,Sequence fitness 1.00 is healthy — no variant analysis needed.,30.0,1.0,0.9098,1.0,0.0267,pipeline-owner,2026-06-20T13:48:44.472830
liquidity_reporting,FRC-140ac563,20260615,1.025,HIGH,GREEN,STABLE,33.4,stable,33.4,33.4,stable,33.4,,,,0.0286,0.000573,0.1104,0.0953,1.0027,0.9146,False,,Sequence fitness 1.00 is healthy — no variant analysis needed.,30.0,1.0,1.05,1.0,0.0286,pipeline-owner,2026-06-20T13:48:44.495871
mifid_trade_reporting,FRC-a9ecb086,20260615,1.0,HIGH,GREEN,STABLE,16.3,stable,16.3,16.3,stable,16.3,,,,0.0165,0.000289,0.0607,0.0293,1.0095,0.9643,False,,Sequence fitness 1.00 is healthy — no variant analysis needed.,30.0,1.0,1.0,1.0,0.0165,pipeline-owner,2026-06-20T13:48:44.517832
model_training_pipeline,FRC-1147b324,20260615,1.0,HIGH,GREEN,STABLE,1.3,stable,1.3,1.3,stable,1.3,,,,0.0322,-0.001033,0.1776,-0.0317,1.0058,0.8474,False,,Sequence fitness 1.00 is healthy — no variant analysis needed.,30.0,1.0,1.0,1.0,0.0322,pipeline-owner,2026-06-20T13:48:44.539478
payment_reconciliation,FRC-0eecd6a1,20260615,0.8588,HIGH,RED,STABLE,5.4,stable,5.4,5.4,stable,5.4,,,,0.0354,-0.002204,0.1662,0.0273,1.0046,0.8588,False,,Sequence fitness 1.00 is healthy — no variant analysis needed.,30.0,1.0,0.7176,1.0,0.0354,pipeline-owner,2026-06-20T13:48:44.561223
payment_settlements_daily,FRC-90d4a831,20260615,1.025,HIGH,GREEN,STABLE,5.3,stable,5.3,5.3,stable,5.3,,,,0.0406,0.000965,0.1552,0.0094,0.9953,0.8698,False,,Sequence fitness 1.00 is healthy — no variant analysis needed.,30.0,1.0,1.05,1.0,0.0406,pipeline-owner,2026-06-20T13:48:44.582935
pd_model_batch,FRC-a3830df0,20260615,1.0,HIGH,GREEN,STABLE,4.9,stable,4.9,4.9,stable,4.9,,,,0.0312,-0.001829,0.1641,0.0889,1.0052,0.8609,False,,Sequence fitness 1.00 is healthy — no variant analysis needed.,30.0,1.0,1.0,1.0,0.0312,pipeline-owner,2026-06-20T13:48:44.604742
positions_sftp_ingest,FRC-1f0703ba,20260615,1.0,HIGH,GREEN,STABLE,19.9,stable,19.9,19.9,stable,19.9,,,,0.0214,-0.001806,0.085,0.4169,1.0086,0.94,False,,Sequence fitness 1.00 is healthy — no variant analysis needed.,30.0,1.0,1.0,1.0,0.0214,pipeline-owner,2026-06-20T13:48:44.628475
raw_ingestion_pipeline,FRC-44ed2010,20260615,1.0,HIGH,GREEN,STABLE,5.5,stable,5.5,5.5,stable,5.5,,,,0.0176,4.5e-05,0.0756,-0.0066,1.005,0.9494,False,,Sequence fitness 1.00 is healthy — no variant analysis needed.,30.0,1.0,1.0,1.0,0.0176,pipeline-owner,2026-06-20T13:48:44.652518
regulatory_batch_dnb,FRC-b1e6b70a,20260615,1.0,HIGH,GREEN,STABLE,4.4,stable,4.4,4.4,stable,4.4,,,,0.0384,7.5e-05,0.1572,0.0015,0.9966,0.8678,False,,Sequence fitness 1.00 is healthy — no variant analysis needed.,30.0,1.0,1.0,1.0,0.0384,pipeline-owner,2026-06-20T13:48:44.674570
spark_batch_job,FRC-f1cf9f47,20260615,1.0,HIGH,GREEN,STABLE,6.3,stable,6.3,6.3,stable,6.3,,,,0.0369,-0.002021,0.156,0.0329,1.0005,0.869,False,,Sequence fitness 1.00 is healthy — no variant analysis needed.,30.0,1.0,1.0,1.0,0.0369,pipeline-owner,2026-06-20T13:48:44.697814
stress_test_scenario,FRC-9e0824ef,20260615,1.025,HIGH,GREEN,INTERMITTENT,,stable,0.0,0.0,stable,0.0,,,,0.3216,0.002706,0.6,-0.0197,0.8346,0.425,False,,Sequence fitness 1.00 is healthy — no variant analysis needed.,30.0,1.0,1.05,1.0,0.3216,platform-infrastructure,2026-06-20T13:48:44.720173
transaction_screening,FRC-47ba874a,20260615,1.025,HIGH,GREEN,STABLE,4.5,stable,4.5,4.5,stable,4.5,,,,0.0377,0.000809,0.1596,0.003,0.9995,0.8654,False,,Sequence fitness 1.00 is healthy — no variant analysis needed.,30.0,1.0,1.05,1.0,0.0377,pipeline-owner,2026-06-20T13:48:44.765963
var_batch_processing,FRC-94e2dc53,20260615,1.025,HIGH,GREEN,STABLE,2.7,stable,2.7,2.7,stable,2.7,,,,0.0311,0.000659,0.1749,-0.0102,1.0035,0.8501,False,,Sequence fitness 1.00 is healthy — no variant analysis needed.,30.0,1.0,1.05,1.0,0.0311,pipeline-owner,2026-06-20T13:48:44.787914
collateral_valuation,FRC-0cb5fb6e,20260616,1.0,HIGH,GREEN,STABLE,15.7,stable,15.7,15.7,stable,15.7,,,,0.0312,-0.001986,0.1594,0.2649,1.0048,0.8656,False,,Sequence fitness 1.00 is healthy — no variant analysis needed.,30.0,1.0,1.0,1.0,0.0312,pipeline-owner,2026-06-20T13:48:44.811019
customer_risk_features,FRC-4aa3678b,20260616,0.8877,HIGH,AMBER,INTERMITTENT,3.4,stable,3.4,3.4,stable,3.4,,,,0.3009,-0.000201,0.6,-0.0207,0.8362,0.425,False,,Sequence fitness 1.00 is healthy — no variant analysis needed.,30.0,1.0,0.7754,1.0,0.3009,platform-infrastructure,2026-06-20T13:48:44.833163
dbt_model_runner,FRC-ed2958aa,20260616,0.9424,HIGH,AMBER,DRIFTING,18.7,stable,18.7,18.7,stable,18.7,,,,0.0435,-0.003548,0.1536,0.2755,0.9951,0.8714,False,,Sequence fitness 1.00 is healthy — no variant analysis needed.,30.0,1.0,0.8847,1.0,0.0435,pipeline-owner,2026-06-20T13:48:44.855917
delta_vacuum_runner,FRC-e23ba970,20260616,1.0,HIGH,GREEN,INTERMITTENT,2.8,stable,2.8,2.8,stable,2.8,,,,0.2142,-0.000878,0.6,0.0223,0.9254,0.425,False,,Sequence fitness 1.00 is healthy — no variant analysis needed.,30.0,1.0,1.0,1.0,0.2143,platform-infrastructure,2026-06-20T13:48:44.877850
etl_daily_transform,FRC-4052a9d3,20260616,1.0,HIGH,GREEN,STABLE,4.4,stable,4.4,4.4,stable,4.4,,,,0.0193,0.000104,0.1044,0.0028,1.0047,0.9206,False,,Sequence fitness 1.00 is healthy — no variant analysis needed.,30.0,1.0,1.0,1.0,0.0193,pipeline-owner,2026-06-20T13:48:44.900015
feature_store_refresh,FRC-034a3f56,20260616,1.0,HIGH,GREEN,INTERMITTENT,1.7,stable,1.7,1.7,stable,1.7,,,,0.3027,-0.002024,0.6,-0.0244,0.8474,0.425,False,,Sequence fitness 1.00 is healthy — no variant analysis needed.,30.0,1.0,1.0,1.0,0.3027,platform-infrastructure,2026-06-20T13:48:44.921821
feature_validation_job,FRC-c1f86d79,20260616,1.0,HIGH,GREEN,STABLE,4.7,stable,4.7,4.7,stable,4.7,,,,0.0346,-6e-05,0.1522,-0.0055,1.0047,0.8728,False,,Sequence fitness 1.00 is healthy — no variant analysis needed.,30.0,1.0,1.0,1.0,0.0346,pipeline-owner,2026-06-20T13:48:44.943732
fx_rate_ingestion,FRC-a24407bf,20260616,0.8629,HIGH,RED,STABLE,4.2,stable,4.2,4.2,stable,4.2,,,,0.0316,-0.001066,0.1621,-0.0078,1.0021,0.8629,False,,Sequence fitness 1.00 is healthy — no variant analysis needed.,30.0,1.0,0.7258,1.0,0.0316,pipeline-owner,2026-06-20T13:48:44.965607
grid_corehours_calc,FRC-0f6b3c37,20260616,1.0,HIGH,GREEN,STABLE,5.5,stable,5.5,5.5,stable,5.5,,,,0.0323,-0.002117,0.1679,0.0871,1.0045,0.8571,False,,Sequence fitness 1.00 is healthy — no variant analysis needed.,30.0,1.0,1.0,1.0,0.0323,pipeline-owner,2026-06-20T13:48:44.987203
hdfs_replication_check,FRC-f4376f26,20260616,1.0,HIGH,GREEN,STABLE,4.6,stable,4.6,4.6,stable,4.6,,,,0.0364,-0.002257,0.1604,0.0697,1.0033,0.8646,False,,Sequence fitness 1.00 is healthy — no variant analysis needed.,30.0,1.0,1.0,1.0,0.0364,pipeline-owner,2026-06-20T13:48:45.009069
inference_batch_scoring,FRC-43dc1c4e,20260616,1.0,HIGH,GREEN,STABLE,27.0,stable,27.0,27.0,stable,27.0,,,,0.033,0.000738,0.1602,0.2409,0.9969,0.8648,False,,Sequence fitness 1.00 is healthy — no variant analysis needed.,30.0,1.0,1.0,1.0,0.033,pipeline-owner,2026-06-20T13:48:45.030708
kafka_compaction_job,FRC-f2a9dc32,20260616,1.025,HIGH,GREEN,STABLE,4.7,stable,4.7,4.7,stable,4.7,,,,0.0395,-0.000566,0.1538,-0.0228,0.9984,0.8712,False,,Sequence fitness 1.00 is healthy — no variant analysis needed.,30.0,1.0,1.05,1.0,0.0395,pipeline-owner,2026-06-20T13:48:45.052482
lgd_calculation_daily,FRC-9455f754,20260616,1.025,HIGH,GREEN,STABLE,4.2,stable,4.2,4.2,stable,4.2,,,,0.0267,9.2e-05,0.134,-0.0077,1.0051,0.891,False,,Sequence fitness 1.00 is healthy — no variant analysis needed.,30.0,1.0,1.05,1.0,0.0267,pipeline-owner,2026-06-20T13:48:45.074428
liquidity_reporting,FRC-140ac563,20260616,1.0,HIGH,GREEN,STABLE,36.4,stable,36.4,36.4,stable,36.4,,,,0.0286,0.000573,0.1104,0.0953,1.0027,0.9146,False,,Sequence fitness 1.00 is healthy — no variant analysis needed.,30.0,1.0,1.0,1.0,0.0286,pipeline-owner,2026-06-20T13:48:45.098203
mifid_trade_reporting,FRC-a9ecb086,20260616,1.025,HIGH,GREEN,STABLE,11.5,stable,11.5,11.5,stable,11.5,,,,0.0165,0.000289,0.0607,0.0293,1.0095,0.9643,False,,Sequence fitness 1.00 is healthy — no variant analysis needed.,30.0,1.0,1.05,1.0,0.0165,pipeline-owner,2026-06-20T13:48:45.120415
model_training_pipeline,FRC-1147b324,20260616,1.025,HIGH,GREEN,STABLE,3.2,stable,3.2,3.2,stable,3.2,,,,0.0322,-0.001033,0.1776,-0.0317,1.0058,0.8474,False,,Sequence fitness 1.00 is healthy — no variant analysis needed.,30.0,1.0,1.05,1.0,0.0322,pipeline-owner,2026-06-20T13:48:45.142892
payment_reconciliation,FRC-0eecd6a1,20260616,0.9037,HIGH,AMBER,STABLE,4.4,stable,4.4,4.4,stable,4.4,,,,0.0354,-0.002204,0.1662,0.0273,1.0046,0.8588,False,,Sequence fitness 1.00 is healthy — no variant analysis needed.,30.0,1.0,0.8074,1.0,0.0354,pipeline-owner,2026-06-20T13:48:45.164866
payment_settlements_daily,FRC-90d4a831,20260616,0.8719,HIGH,RED,STABLE,4.3,stable,4.3,4.3,stable,4.3,,,,0.0406,0.000965,0.1552,0.0094,0.9953,0.8698,False,,Sequence fitness 1.00 is healthy — no variant analysis needed.,30.0,1.0,0.7438,1.0,0.0406,pipeline-owner,2026-06-20T13:48:45.186808
pd_model_batch,FRC-a3830df0,20260616,0.8609,HIGH,RED,STABLE,4.3,stable,4.3,4.3,stable,4.3,,,,0.0312,-0.001829,0.1641,0.0889,1.0052,0.8609,False,,Sequence fitness 1.00 is healthy — no variant analysis needed.,30.0,1.0,0.7218,1.0,0.0312,pipeline-owner,2026-06-20T13:48:45.208558
positions_sftp_ingest,FRC-1f0703ba,20260616,1.0,HIGH,GREEN,STABLE,20.0,stable,20.0,20.0,stable,20.0,,,,0.0214,-0.001806,0.085,0.4169,1.0086,0.94,False,,Sequence fitness 1.00 is healthy — no variant analysis needed.,30.0,1.0,1.0,1.0,0.0214,pipeline-owner,2026-06-20T13:48:45.230543
raw_ingestion_pipeline,FRC-44ed2010,20260616,1.0,HIGH,GREEN,STABLE,5.3,stable,5.3,5.3,stable,5.3,,,,0.0176,4.5e-05,0.0756,-0.0066,1.005,0.9494,False,,Sequence fitness 1.00 is healthy — no variant analysis needed.,30.0,1.0,1.0,1.0,0.0176,pipeline-owner,2026-06-20T13:48:45.252296
regulatory_batch_dnb,FRC-b1e6b70a,20260616,1.025,HIGH,GREEN,STABLE,4.7,stable,4.7,4.7,stable,4.7,,,,0.0384,7.5e-05,0.1572,0.0015,0.9966,0.8678,False,,Sequence fitness 1.00 is healthy — no variant analysis needed.,30.0,1.0,1.05,1.0,0.0384,pipeline-owner,2026-06-20T13:48:45.274095
spark_batch_job,FRC-f1cf9f47,20260616,1.0,HIGH,GREEN,STABLE,4.3,stable,4.3,4.3,stable,4.3,,,,0.0369,-0.002021,0.156,0.0329,1.0005,0.869,False,,Sequence fitness 1.00 is healthy — no variant analysis needed.,30.0,1.0,1.0,1.0,0.0369,pipeline-owner,2026-06-20T13:48:45.296181
stress_test_scenario,FRC-9e0824ef,20260616,0.425,UNRELIABLE,RED,INTERMITTENT,,,,,,,,,,0.3216,0.002706,0.6,0.003,0.8346,0.425,False,,Variant comparison skipped: 0% trace completeness at grain='pipeline'. Low completeness at this grain level suggests row sampling rather than trace sampling. See deviations for the fix.,30.0,0.5,0.5,0.0,0.3216,platform-infrastructure,2026-06-20T13:48:45.313643
transaction_screening,FRC-47ba874a,20260616,1.0,HIGH,GREEN,STABLE,5.9,stable,5.9,5.9,stable,5.9,,,,0.0377,0.000809,0.1596,0.003,0.9995,0.8654,False,,Sequence fitness 1.00 is healthy — no variant analysis needed.,30.0,1.0,1.0,1.0,0.0377,pipeline-owner,2026-06-20T13:48:45.357133
var_batch_processing,FRC-94e2dc53,20260616,1.025,HIGH,GREEN,STABLE,5.8,stable,5.8,5.8,stable,5.8,,,,0.0311,0.000659,0.1749,-0.0102,1.0035,0.8501,False,,Sequence fitness 1.00 is healthy — no variant analysis needed.,30.0,1.0,1.05,1.0,0.0311,pipeline-owner,2026-06-20T13:48:45.378960
collateral_valuation,FRC-0cb5fb6e,20260617,0.987,HIGH,AMBER,STABLE,18.2,stable,18.2,18.2,stable,18.2,,,,0.0312,-0.001986,0.1594,0.2649,1.0048,0.8656,False,,Sequence fitness 1.00 is healthy — no variant analysis needed.,30.0,1.0,0.974,1.0,0.0312,pipeline-owner,2026-06-20T13:48:45.402171
customer_risk_features,FRC-4aa3678b,20260617,1.025,HIGH,GREEN,INTERMITTENT,3.6,stable,3.6,3.6,stable,3.6,,,,0.3009,-0.000201,0.6,-0.0207,0.8362,0.425,False,,Sequence fitness 1.00 is healthy — no variant analysis needed.,30.0,1.0,1.05,1.0,0.3009,platform-infrastructure,2026-06-20T13:48:45.425286
dbt_model_runner,FRC-ed2958aa,20260617,0.9024,HIGH,AMBER,DRIFTING,15.4,stable,15.4,15.4,stable,15.4,,,,0.0435,-0.003548,0.1536,0.2755,0.9951,0.8714,False,,Sequence fitness 1.00 is healthy — no variant analysis needed.,30.0,1.0,0.8048,1.0,0.0435,pipeline-owner,2026-06-20T13:48:45.447653
delta_vacuum_runner,FRC-e23ba970,20260617,1.025,HIGH,GREEN,INTERMITTENT,0.9,stable,0.9,0.9,stable,0.9,,,,0.2142,-0.000878,0.6,0.0223,0.9254,0.425,False,,Sequence fitness 1.00 is healthy — no variant analysis needed.,30.0,1.0,1.05,1.0,0.2143,platform-infrastructure,2026-06-20T13:48:45.470854
etl_daily_transform,FRC-4052a9d3,20260617,1.025,HIGH,GREEN,STABLE,4.1,stable,4.1,4.1,stable,4.1,,,,0.0193,0.000104,0.1044,0.0028,1.0047,0.9206,False,,Sequence fitness 1.00 is healthy — no variant analysis needed.,30.0,1.0,1.05,1.0,0.0193,pipeline-owner,2026-06-20T13:48:45.499427
feature_store_refresh,FRC-034a3f56,20260617,1.0,HIGH,GREEN,INTERMITTENT,0.6,stable,0.6,0.6,stable,0.6,,,,0.3027,-0.002024,0.6,-0.0244,0.8474,0.425,False,,Sequence fitness 1.00 is healthy — no variant analysis needed.,30.0,1.0,1.0,1.0,0.3027,platform-infrastructure,2026-06-20T13:48:45.525232
feature_validation_job,FRC-c1f86d79,20260617,1.025,HIGH,GREEN,STABLE,4.4,stable,4.4,4.4,stable,4.4,,,,0.0346,-6e-05,0.1522,-0.0055,1.0047,0.8728,False,,Sequence fitness 1.00 is healthy — no variant analysis needed.,30.0,1.0,1.05,1.0,0.0346,pipeline-owner,2026-06-20T13:48:45.548217
fx_rate_ingestion,FRC-a24407bf,20260617,1.0,HIGH,GREEN,STABLE,5.3,stable,5.3,5.3,stable,5.3,,,,0.0316,-0.001066,0.1621,-0.0078,1.0021,0.8629,False,,Sequence fitness 1.00 is healthy — no variant analysis needed.,30.0,1.0,1.0,1.0,0.0316,pipeline-owner,2026-06-20T13:48:45.570483
grid_corehours_calc,FRC-0f6b3c37,20260617,1.0,HIGH,GREEN,STABLE,6.2,stable,6.2,6.2,stable,6.2,,,,0.0323,-0.002117,0.1679,0.0871,1.0045,0.8571,False,,Sequence fitness 1.00 is healthy — no variant analysis needed.,30.0,1.0,1.0,1.0,0.0323,pipeline-owner,2026-06-20T13:48:45.593345
hdfs_replication_check,FRC-f4376f26,20260617,1.0,HIGH,GREEN,STABLE,5.5,stable,5.5,5.5,stable,5.5,,,,0.0364,-0.002257,0.1604,0.0697,1.0033,0.8646,False,,Sequence fitness 1.00 is healthy — no variant analysis needed.,30.0,1.0,1.0,1.0,0.0364,pipeline-owner,2026-06-20T13:48:45.618704
inference_batch_scoring,FRC-43dc1c4e,20260617,1.0,HIGH,GREEN,STABLE,29.8,stable,29.8,29.8,stable,29.8,,,,0.033,0.000738,0.1602,0.2409,0.9969,0.8648,False,,Sequence fitness 1.00 is healthy — no variant analysis needed.,30.0,1.0,1.0,1.0,0.033,pipeline-owner,2026-06-20T13:48:45.641132
kafka_compaction_job,FRC-f2a9dc32,20260617,1.025,HIGH,GREEN,STABLE,4.3,stable,4.3,4.3,stable,4.3,,,,0.0395,-0.000566,0.1538,-0.0228,0.9984,0.8712,False,,Sequence fitness 1.00 is healthy — no variant analysis needed.,30.0,1.0,1.05,1.0,0.0395,pipeline-owner,2026-06-20T13:48:45.665192
lgd_calculation_daily,FRC-9455f754,20260617,1.025,HIGH,GREEN,STABLE,5.7,stable,5.7,5.7,stable,5.7,,,,0.0267,9.2e-05,0.134,-0.0077,1.0051,0.891,False,,Sequence fitness 1.00 is healthy — no variant analysis needed.,30.0,1.0,1.05,1.0,0.0267,pipeline-owner,2026-06-20T13:48:45.688784
liquidity_reporting,FRC-140ac563,20260617,1.0,HIGH,GREEN,STABLE,32.0,stable,32.0,32.0,stable,32.0,,,,0.0286,0.000573,0.1104,0.0953,1.0027,0.9146,False,,Sequence fitness 1.00 is healthy — no variant analysis needed.,30.0,1.0,1.0,1.0,0.0286,pipeline-owner,2026-06-20T13:48:45.710834
mifid_trade_reporting,FRC-a9ecb086,20260617,1.0,HIGH,GREEN,STABLE,17.7,stable,17.7,17.7,stable,17.7,,,,0.0165,0.000289,0.0607,0.0293,1.0095,0.9643,False,,Sequence fitness 1.00 is healthy — no variant analysis needed.,30.0,1.0,1.0,1.0,0.0165,pipeline-owner,2026-06-20T13:48:45.733968
model_training_pipeline,FRC-1147b324,20260617,1.025,HIGH,GREEN,STABLE,2.4,stable,2.4,2.4,stable,2.4,,,,0.0322,-0.001033,0.1776,-0.0317,1.0058,0.8474,False,,Sequence fitness 1.00 is healthy — no variant analysis needed.,30.0,1.0,1.05,1.0,0.0322,pipeline-owner,2026-06-20T13:48:45.755799
payment_reconciliation,FRC-0eecd6a1,20260617,1.0,HIGH,GREEN,STABLE,4.2,stable,4.2,4.2,stable,4.2,,,,0.0354,-0.002204,0.1662,0.0273,1.0046,0.8588,False,,Sequence fitness 1.00 is healthy — no variant analysis needed.,30.0,1.0,1.0,1.0,0.0354,pipeline-owner,2026-06-20T13:48:45.777544
payment_settlements_daily,FRC-90d4a831,20260617,1.025,HIGH,GREEN,STABLE,4.9,stable,4.9,4.9,stable,4.9,,,,0.0406,0.000965,0.1552,0.0094,0.9953,0.8698,False,,Sequence fitness 1.00 is healthy — no variant analysis needed.,30.0,1.0,1.05,1.0,0.0406,pipeline-owner,2026-06-20T13:48:45.802885
pd_model_batch,FRC-a3830df0,20260617,0.9898,HIGH,AMBER,STABLE,6.4,stable,6.4,6.4,stable,6.4,,,,0.0312,-0.001829,0.1641,0.0889,1.0052,0.8609,False,,Sequence fitness 1.00 is healthy — no variant analysis needed.,30.0,1.0,0.9796,1.0,0.0312,pipeline-owner,2026-06-20T13:48:45.827261
positions_sftp_ingest,FRC-1f0703ba,20260617,0.94,HIGH,AMBER,STABLE,23.5,stable,23.5,23.5,stable,23.5,,,,0.0214,-0.001806,0.085,0.4169,1.0086,0.94,False,,Sequence fitness 1.00 is healthy — no variant analysis needed.,30.0,1.0,0.8801,1.0,0.0214,pipeline-owner,2026-06-20T13:48:45.850819
raw_ingestion_pipeline,FRC-44ed2010,20260617,0.972,HIGH,AMBER,STABLE,4.4,stable,4.4,4.4,stable,4.4,,,,0.0176,4.5e-05,0.0756,-0.0066,1.005,0.9494,False,,Sequence fitness 1.00 is healthy — no variant analysis needed.,30.0,1.0,0.9439,1.0,0.0176,pipeline-owner,2026-06-20T13:48:45.874392
regulatory_batch_dnb,FRC-b1e6b70a,20260617,1.025,HIGH,GREEN,STABLE,5.1,stable,5.1,5.1,stable,5.1,,,,0.0384,7.5e-05,0.1572,0.0015,0.9966,0.8678,False,,Sequence fitness 1.00 is healthy — no variant analysis needed.,30.0,1.0,1.05,1.0,0.0384,pipeline-owner,2026-06-20T13:48:45.896873
spark_batch_job,FRC-f1cf9f47,20260617,1.0,HIGH,GREEN,STABLE,3.7,stable,3.7,3.7,stable,3.7,,,,0.0369,-0.002021,0.156,0.0329,1.0005,0.869,False,,Sequence fitness 1.00 is healthy — no variant analysis needed.,30.0,1.0,1.0,1.0,0.0369,pipeline-owner,2026-06-20T13:48:45.920233
stress_test_scenario,FRC-9e0824ef,20260617,1.025,HIGH,GREEN,INTERMITTENT,3.6,stable,3.6,3.6,stable,3.6,,,,0.3216,0.002706,0.6,0.003,0.8346,0.425,False,,Sequence fitness 1.00 is healthy — no variant analysis needed.,30.0,1.0,1.05,1.0,0.3216,platform-infrastructure,2026-06-20T13:48:45.942336
transaction_screening,FRC-47ba874a,20260617,1.025,HIGH,GREEN,STABLE,5.6,stable,5.6,5.6,stable,5.6,,,,0.0377,0.000809,0.1596,0.003,0.9995,0.8654,False,,Sequence fitness 1.00 is healthy — no variant analysis needed.,30.0,1.0,1.05,1.0,0.0377,pipeline-owner,2026-06-20T13:48:45.994918
var_batch_processing,FRC-94e2dc53,20260617,1.025,HIGH,GREEN,STABLE,3.1,stable,3.1,3.1,stable,3.1,,,,0.0311,0.000659,0.1749,-0.0102,1.0035,0.8501,False,,Sequence fitness 1.00 is healthy — no variant analysis needed.,30.0,1.0,1.05,1.0,0.0311,pipeline-owner,2026-06-20T13:48:46.094101
